Player,Season,Age,Tm,Lg,TRB%,G,GS,MP,PER,3PAr,FTr,ORB%,DRB%,AST%,STL%,BLK%,TOV%,USG%,ORtg,DRtg,OWS,DWS,WS,WS/48,OBPM,DBPM,BPM,VORP,Position,ID
Magic Johnson,1982-83,23,LAL,NBA,13.0,79,79,2907,23.0,.023,.407,8.5,17.1,34.4,2.8,0.9,21.5,19.0,119,103,8.8,3.8,12.5,.207,5.1,2.3,7.4,6.9,Guard,johnsma02
T.R. Dunn,1982-83,27,DEN,NBA,11.8,82,80,2640,11.4,.002,.309,8.8,14.7,7.9,2.4,0.5,15.9,10.0,111,108,2.6,1.8,4.4,.079,0.5,1.6,2.1,2.8,Guard,dunntr01
Lewis Lloyd,1982-83,23,GSW,NBA,10.4,73,24,1350,17.1,.007,.246,6.0,15.2,13.8,2.1,1.3,15.8,21.7,105,106,1.5,1.1,2.6,.092,0.1,-0.3,-0.2,0.6,Guard,lloydle01
Paul Pressey,1982-83,24,MIL,NBA,10.1,79,18,1528,12.8,.019,.378,6.3,13.6,18.3,3.1,1.7,23.0,19.1,92,98,-0.9,2.8,2.0,.062,-2.1,2.8,0.7,1.0,Guard,presspa01
Sidney Moncrief,1982-83,25,MIL,NBA,8.9,76,76,2710,22.6,.009,.522,8.2,9.5,16.9,2.0,0.5,12.2,24.7,120,103,9.7,3.5,13.2,.233,5.4,0.3,5.7,5.3,Guard,moncrsi01
Lester Conner,1982-83,23,GSW,NBA,8.4,75,10,1416,14.0,.013,.373,5.1,12.0,21.9,3.8,0.3,21.9,12.5,106,105,1.2,1.5,2.7,.092,-0.3,1.6,1.3,1.2,Guard,connele01
Bob Wilkerson,1982-83,28,CLE,NBA,8.1,77,11,1702,9.2,.008,.243,4.0,12.3,15.9,2.0,0.5,22.1,17.9,87,107,-1.7,1.4,-0.3,-.010,-3.7,0.5,-3.2,-0.5,Guard,wilkebo01
Ray Williams,1982-83,28,KCK,NBA,8.1,72,68,2170,14.4,.069,.312,4.6,11.7,35.1,2.5,0.7,21.6,27.5,93,104,-1.5,2.4,0.9,.021,-0.8,0.4,-0.4,0.9,Guard,willira01
Bill Hanzlik,1982-83,25,DEN,NBA,7.7,82,8,1547,10.6,.016,.366,5.2,10.2,19.7,2.1,0.5,22.1,15.6,98,109,0.3,0.7,1.0,.030,-1.5,-0.6,-2.1,-0.1,Guard,hanzlbi01
Billy Knight,1982-83,30,IND,NBA,7.7,80,54,2262,18.7,.019,.415,6.9,8.6,12.0,1.3,0.2,14.2,23.6,114,112,5.5,0.3,5.8,.123,2.5,-2.7,-0.2,1.0,Guard,knighbi01
Clint Richardson,1982-83,26,PHI,NBA,7.4,77,1,1755,11.4,.011,.199,6.2,8.6,12.6,1.9,0.6,14.0,16.0,103,103,1.1,2.2,3.3,.090,-0.6,0.9,0.4,1.0,Guard,richacl01
Al Wood,1982-83,24,SDC,NBA,7.4,76,47,1822,13.0,.068,.218,5.6,9.5,10.1,1.4,1.2,12.0,19.7,105,111,1.9,0.4,2.3,.061,-0.5,-2.0,-2.4,-0.2,Guard,woodal01
Tracy Jackson,1982-83,23,CHI,NBA,7.3,78,3,1309,11.9,.031,.296,7.1,7.5,10.9,2.2,0.4,14.7,16.7,104,109,1.0,0.7,1.7,.062,-0.8,-0.9,-1.7,0.1,Guard,jackstr01
Vinnie Johnson,1982-83,26,DET,NBA,7.3,82,51,2511,17.6,.039,.311,6.8,7.9,17.0,1.7,1.0,11.7,20.0,116,107,5.9,1.8,7.7,.147,2.8,-0.7,2.1,2.6,Guard,johnsvi01
Johnny High,1982-83,25,PHO,NBA,7.2,82,2,1155,8.6,.023,.627,4.5,9.6,16.3,3.5,1.6,27.7,13.5,87,98,-1.0,2.2,1.2,.051,-3.5,3.0,-0.5,0.4,Guard,highjo01
Dennis Johnson,1982-83,28,PHO,NBA,7.2,77,74,2551,14.8,.036,.429,4.2,10.1,20.4,1.8,0.9,16.6,19.6,106,102,3.0,3.6,6.6,.125,0.2,0.9,1.1,2.0,Guard,johnsde01
Michael Cooper,1982-83,26,LAL,NBA,7.1,82,3,2148,13.5,.042,.262,4.4,9.5,16.7,2.5,1.2,18.8,12.5,114,105,3.1,2.1,5.2,.116,0.8,1.2,2.0,2.2,Guard,coopemi01
George Gervin,1982-83,30,SAS,NBA,6.9,78,78,2830,20.5,.021,.390,4.4,9.1,14.0,1.4,1.3,12.0,29.1,112,108,7.6,1.8,9.4,.159,2.7,-1.6,1.1,2.2,Guard,gervige01
Trent Tucker,1982-83,23,NYK,NBA,6.9,78,59,1830,11.6,.046,.099,4.8,9.1,16.1,1.5,0.2,9.4,17.3,104,102,1.5,2.4,4.0,.104,-0.3,0.5,0.2,1.0,Guard,tucketr01
Rolando Blackman,1982-83,23,DAL,NBA,6.7,75,62,2349,17.0,.014,.366,4.9,8.6,11.1,0.7,0.7,8.9,22.3,114,113,5.5,0.1,5.7,.116,2.0,-2.6,-0.6,0.8,Guard,blackro01
Quintin Dailey,1982-83,22,CHI,NBA,6.7,76,32,2081,14.1,.025,.280,4.5,8.9,20.3,1.6,0.3,15.3,24.8,100,110,1.3,0.9,2.1,.049,0.0,-2.0,-2.0,0.0,Guard,dailequ01
Ernie Grunfeld,1982-83,27,NYK,NBA,6.7,77,0,1422,8.9,.011,.260,3.4,10.1,13.5,1.4,0.4,16.7,15.1,98,102,0.2,1.9,2.2,.073,-2.6,0.9,-1.8,0.1,Guard,grunfer01
David Thompson,1982-83,28,SEA,NBA,6.7,75,64,2155,16.1,.011,.411,5.0,8.2,14.7,1.0,0.8,13.0,23.3,108,106,3.6,1.8,5.4,.120,0.8,-1.0,-0.2,1.0,Guard,thompda01
Quinn Buckner,1982-83,28,BOS,NBA,6.4,72,56,1565,11.5,.007,.209,4.3,8.5,22.6,3.2,0.2,20.6,19.3,93,102,-0.7,2.2,1.6,.048,-1.8,0.8,-0.9,0.4,Guard,bucknqu01
John Long,1982-83,26,DET,NBA,6.3,70,30,1485,10.8,.010,.211,3.8,8.9,10.1,1.3,0.4,16.0,23.4,93,108,-0.7,0.9,0.2,.005,-3.3,-2.4,-5.7,-1.4,Guard,longjo01
Fat Lever,1982-83,22,POR,NBA,6.2,81,45,2020,14.8,.025,.268,4.7,7.8,28.2,3.6,0.4,17.1,16.1,104,103,1.7,2.6,4.4,.104,0.3,1.0,1.2,1.7,Guard,leverfa01
Sleepy Floyd,1982-83,22,TOT,NBA,6.0,76,17,1248,13.8,.047,.342,4.8,7.3,15.3,2.1,0.8,14.9,22.4,103,106,1.0,1.1,2.2,.083,-0.9,-1.3,-2.2,-0.1,Guard,floydsl01
Johnny Moore,1982-83,24,SAS,NBA,5.9,77,73,2552,17.5,.026,.237,2.9,8.7,37.8,3.5,0.7,19.6,18.0,108,104,3.8,2.8,6.6,.123,1.6,0.4,1.9,2.5,Guard,moorejo01
Danny Ainge,1982-83,23,BOS,NBA,5.6,80,76,2048,13.2,.040,.135,4.4,6.8,16.1,2.5,0.2,11.4,16.5,110,104,2.8,2.4,5.2,.121,0.8,0.4,1.1,1.6,Guard,aingeda01
Darrell Griffith,1982-83,24,UTA,NBA,5.6,77,76,2787,15.8,.085,.158,3.8,7.2,15.6,2.2,0.6,13.2,26.9,98,107,0.6,2.2,2.8,.048,0.5,-1.3,-0.8,0.9,Guard,griffda01
Phil Smith,1982-83,30,SEA,NBA,5.6,79,17,1238,11.7,.020,.333,2.4,8.5,22.8,1.7,0.3,18.2,18.1,99,105,0.4,1.2,1.7,.065,-2.2,-0.8,-3.0,-0.3,Guard,smithph01
Reggie Theus,1982-83,25,CHI,NBA,5.6,82,81,2856,19.2,.058,.346,3.4,7.8,27.1,2.3,0.3,15.1,28.8,106,109,5.0,1.6,6.5,.110,3.2,-1.8,1.4,2.4,Guard,theusre01
Isiah Thomas,1982-83,21,DET,NBA,5.5,81,81,3093,18.9,.081,.337,3.5,7.7,30.3,2.9,0.5,15.6,26.1,105,105,4.5,3.0,7.4,.115,3.1,-0.7,2.4,3.4,Guard,thomais01
Foots Walker,1982-83,31,NJN,NBA,5.5,79,10,1388,11.4,.048,.596,2.5,8.5,23.5,2.6,0.1,24.8,11.9,107,101,1.3,2.2,3.4,.118,-1.9,0.5,-1.3,0.2,Guard,walkefo01
Mike Woodson,1982-83,24,KCK,NBA,5.5,81,3,2426,18.9,.029,.327,3.7,7.3,15.0,2.5,1.4,11.6,23.7,112,105,5.3,2.4,7.8,.153,2.2,-0.1,2.1,2.5,Guard,woodsmi01
Darwin Cook,1982-83,24,NJN,NBA,5.2,82,47,2625,14.3,.039,.245,3.2,7.1,23.6,3.4,1.1,17.9,19.9,100,99,1.3,4.7,6.0,.110,-0.5,1.7,1.2,2.1,Guard,cookda01
Rory Sparrow,1982-83,24,TOT,NBA,5.2,81,58,2428,13.2,.027,.246,2.8,7.7,24.1,2.2,0.1,18.0,18.9,101,104,1.4,2.9,4.2,.084,-0.2,0.1,-0.1,1.2,Guard,sparrro01
Kyle Macy,1982-83,25,PHO,NBA,5.0,82,9,1836,16.1,.120,.233,2.6,7.1,21.0,1.6,0.2,11.4,17.5,118,104,4.3,2.2,6.4,.168,1.6,-1.1,0.5,1.2,Guard,macyky01
Kelvin Ransey,1982-83,24,DAL,NBA,4.9,76,4,1607,15.7,.021,.267,2.9,7.0,24.3,1.7,0.1,13.4,23.7,105,112,1.9,0.3,2.2,.066,0.5,-3.0,-2.5,-0.2,Guard,ranseke01
Andrew Toney,1982-83,25,PHI,NBA,4.8,81,81,2474,17.9,.061,.329,1.9,7.5,22.5,1.5,0.4,15.9,27.3,108,104,4.6,2.7,7.3,.141,2.0,-1.4,0.6,1.6,Guard,toneyan01
Rob Williams,1982-83,21,DEN,NBA,4.8,74,33,1443,10.7,.032,.372,2.6,7.0,28.8,2.6,0.4,25.4,18.7,92,109,-0.8,0.7,-0.1,-.004,-2.6,-2.0,-4.6,-0.9,Guard,williro02
Butch Carter,1982-83,24,IND,NBA,4.7,81,28,1716,14.9,.072,.218,3.7,5.8,15.5,2.1,0.4,13.2,20.4,109,111,2.6,0.5,3.0,.085,0.8,-2.4,-1.6,0.2,Guard,cartebu01
Brad Davis,1982-83,27,DAL,NBA,4.6,79,78,2323,17.9,.068,.350,1.5,7.7,31.3,1.6,0.3,16.5,14.8,125,111,6.8,0.5,7.3,.152,2.9,-2.5,0.4,1.4,Guard,davisbr01
Maurice Cheeks,1982-83,26,PHI,NBA,4.5,79,79,2465,18.6,.008,.322,2.4,6.4,29.6,3.5,0.7,17.4,16.6,117,101,5.6,3.8,9.4,.183,2.7,1.1,3.8,3.6,Guard,cheekma01
Mike Dunleavy,1982-83,28,SAS,NBA,4.5,79,9,1619,14.0,.380,.302,1.3,7.5,33.6,2.1,0.1,21.7,18.2,107,108,2.1,1.0,3.1,.093,0.9,-2.7,-1.8,0.1,Guard,dunlemi01
Walter Davis,1982-83,28,PHO,NBA,4.4,80,79,2491,19.1,.018,.175,2.9,5.7,25.1,2.2,0.3,11.9,25.8,109,103,4.9,3.2,8.1,.156,2.6,-1.2,1.4,2.2,Guard,daviswa03
World B. Free,1982-83,29,TOT,NBA,4.3,73,69,2638,18.4,.032,.410,3.8,4.8,18.2,1.8,0.3,11.1,29.6,106,110,4.5,1.2,5.7,.104,2.5,-2.6,-0.1,1.3,Guard,freewo01
Mike Glenn,1982-83,27,ATL,NBA,4.3,73,4,1124,15.1,.002,.200,1.5,7.0,17.3,1.3,0.5,9.7,19.8,112,106,2.0,0.9,2.9,.126,0.2,-1.9,-1.6,0.1,Guard,glennmi01
Gerald Henderson,1982-83,27,BOS,NBA,4.3,82,9,1551,12.1,.026,.215,4.0,4.6,16.7,2.8,0.1,15.9,20.3,99,104,0.5,1.8,2.3,.073,-1.1,-0.6,-1.7,0.1,Guard,hendege01
Larry Drew,1982-83,24,KCK,NBA,4.2,75,74,2690,18.1,.013,.310,1.8,6.6,31.6,2.1,0.2,16.4,23.7,109,107,5.1,2.1,7.2,.128,2.2,-1.6,0.6,1.8,Guard,drewla01
Norm Nixon,1982-83,27,LAL,NBA,4.2,79,79,2711,13.9,.012,.150,2.6,5.6,25.8,1.8,0.1,16.5,20.9,103,109,2.5,1.4,3.9,.069,-0.2,-2.0,-2.2,-0.1,Guard,nixonno01
Rickey Green,1982-83,28,UTA,NBA,4.1,78,78,2783,17.2,.014,.246,2.3,5.7,34.5,3.5,0.1,17.5,17.8,108,105,3.8,2.8,6.6,.114,1.3,-0.7,0.5,1.8,Guard,greenri01
Ron Brewer,1982-83,27,TOT,NBA,4.0,74,52,1964,11.5,.022,.211,3.2,4.9,6.9,2.1,0.7,9.9,20.0,99,109,0.6,0.9,1.6,.038,-1.8,-1.4,-3.3,-0.6,Guard,brewero01
John Duren,1982-83,24,IND,NBA,4.0,82,24,1433,8.2,.036,.150,2.7,5.5,17.0,2.1,0.2,20.0,13.1,97,111,0.0,0.4,0.4,.013,-2.8,-1.7,-4.5,-0.9,Guard,durenjo01
Allen Leavell,1982-83,25,HOU,NBA,4.0,79,76,2602,15.8,.165,.280,2.5,5.7,30.1,3.0,0.3,14.3,21.3,103,108,2.3,1.5,3.8,.071,1.5,-1.4,0.1,1.4,Guard,leaveal01
Gus Williams,1982-83,29,SEA,NBA,4.0,80,80,2761,20.5,.031,.267,2.9,4.9,34.8,3.1,0.5,12.9,25.8,108,104,5.2,3.3,8.5,.148,3.2,-0.5,2.7,3.3,Guard,willigu01
Jerry Eaves,1982-83,23,UTA,NBA,3.9,82,7,1588,13.0,.014,.430,2.2,5.5,18.5,1.4,0.1,18.2,20.6,103,109,1.2,0.8,2.0,.061,-1.5,-2.8,-4.2,-0.9,Guard,eavesje01
Randy Smith,1982-83,34,TOT,NBA,3.9,80,16,1406,14.5,.032,.232,2.8,5.1,20.5,1.9,0.0,13.6,20.1,109,112,2.2,0.3,2.5,.085,0.1,-3.4,-3.3,-0.5,Guard,smithra01
Fred Brown,1982-83,34,SEA,NBA,3.6,80,1,1432,17.7,.045,.101,2.5,4.6,26.0,1.9,0.5,12.9,23.9,108,106,2.3,1.3,3.6,.120,1.4,-2.3,-0.9,0.4,Guard,brownfr01
Jim Paxson,1982-83,25,POR,NBA,3.6,81,81,2740,20.1,.019,.361,2.8,4.4,13.5,2.4,0.3,9.2,25.1,116,106,7.8,2.4,10.2,.178,3.4,-1.6,1.8,2.6,Guard,paxsoji02
Franklin Edwards,1982-83,23,PHI,NBA,3.5,81,3,1266,14.2,.017,.234,2.0,5.0,24.0,3.0,0.3,17.1,20.1,103,102,1.1,1.7,2.7,.104,-0.7,-0.8,-1.5,0.2,Guard,edwarfr01
Phil Ford,1982-83,26,TOT,NBA,3.5,77,63,1610,10.4,.020,.276,1.3,5.6,24.1,1.5,0.1,21.2,16.2,101,105,0.7,1.6,2.4,.070,-2.3,-1.8,-4.1,-0.8,Guard,fordph01
Lorenzo Romar,1982-83,24,GSW,NBA,3.5,82,64,2130,12.3,.058,.184,1.1,6.0,27.0,2.1,0.1,18.6,14.0,105,110,1.7,0.9,2.6,.058,-1.1,-2.1,-3.3,-0.7,Guard,romarlo01
Craig Hodges,1982-83,22,SDC,NBA,3.4,76,48,2022,10.3,.128,.185,2.8,4.2,18.0,1.9,0.1,17.5,17.7,99,112,0.6,0.2,0.8,.018,-1.2,-2.8,-4.0,-1.0,Guard,hodgecr01
Jerry Sichting,1982-83,26,IND,NBA,3.4,78,58,2435,11.7,.027,.162,1.4,5.7,22.1,2.0,0.0,16.3,13.6,107,112,2.3,0.4,2.7,.053,-0.9,-2.0,-2.9,-0.6,Guard,sichtje01
Paul Westphal,1982-83,32,NYK,NBA,3.4,80,59,1978,14.1,.069,.266,1.1,5.8,33.4,2.2,0.5,20.2,20.9,100,102,1.0,2.7,3.7,.091,-0.7,-1.1,-1.8,0.1,Guard,westppa01
Geoff Huston,1982-83,25,CLE,NBA,3.3,80,79,2716,12.6,.014,.294,1.7,5.1,26.5,1.3,0.1,17.2,17.6,104,110,2.4,1.0,3.4,.060,-0.5,-2.2,-2.7,-0.5,Guard,hustoge01
Tyrone Corbin,1994-95,32,ATL,NBA,11.0,81,4,1389,12.0,.121,.246,8.0,14.1,8.0,2.1,0.9,12.6,19.2,101,105,0.2,2.0,2.1,.073,-3.0,0.2,-2.8,-0.3,Guard,corbity01
Clyde Drexler,1994-95,32,TOT,NBA,10.0,76,75,2728,22.4,.330,.357,6.3,13.7,22.1,2.5,1.2,11.5,25.7,119,106,8.0,3.7,11.7,.206,5.5,1.0,6.5,5.9,Guard,drexlcl01
Jason Kidd,1994-95,21,DAL,NBA,8.7,79,79,2668,15.1,.300,.321,5.8,11.9,33.2,2.9,0.6,20.4,19.0,103,109,1.1,2.6,3.7,.066,0.8,0.9,1.7,2.5,Guard,kiddja01
Nate McMillan,1994-95,30,SEA,NBA,8.7,80,18,2070,13.1,.390,.146,3.8,13.4,27.0,4.0,2.0,23.0,11.5,109,103,1.6,3.6,5.1,.119,0.1,3.3,3.4,2.8,Guard,mcmilna01
Kendall Gill,1994-95,26,SEA,NBA,8.1,73,58,2125,15.2,.199,.244,5.6,10.5,13.9,2.8,1.0,12.7,22.2,107,107,2.0,2.6,4.6,.103,0.4,0.4,0.8,1.5,Guard,gillke01
Mark Jackson,1994-95,29,IND,NBA,7.7,82,67,2402,14.0,.154,.270,3.7,11.5,39.2,2.3,0.5,24.9,16.1,105,106,1.4,3.1,4.5,.090,-0.4,0.5,0.0,1.2,Guard,jacksma01
Mookie Blaylock,1994-95,27,ATL,NBA,7.5,80,80,3069,19.2,.463,.179,4.3,10.7,34.2,3.5,0.6,15.8,22.7,110,104,4.6,4.8,9.4,.147,4.2,1.4,5.5,5.8,Guard,blaylmo01
Brian Shaw,1994-95,28,ORL,NBA,7.5,78,9,1836,10.4,.372,.192,3.3,11.4,29.0,2.0,0.7,25.6,16.8,97,109,-0.4,1.8,1.3,.035,-1.9,-0.5,-2.5,-0.2,Guard,shawbr01
Jalen Rose,1994-95,22,DEN,NBA,7.2,81,37,1798,15.1,.228,.468,3.9,10.4,33.3,1.9,0.9,21.0,19.1,110,110,2.4,1.5,3.8,.103,0.7,-1.0,-0.4,0.7,Guard,roseja01
Todd Day,1994-95,25,MIL,NBA,7.1,82,81,2717,14.4,.398,.325,4.1,10.4,8.3,2.0,1.7,11.6,22.1,108,111,2.9,1.9,4.8,.085,1.0,-0.9,0.0,1.4,Guard,dayto01
Calbert Cheaney,1994-95,23,WSB,NBA,7.0,78,71,2651,14.2,.251,.189,4.4,9.7,11.0,1.5,0.6,11.0,22.6,106,113,2.1,1.1,3.2,.058,0.5,-1.6,-1.2,0.5,Guard,cheanca01
Lucious Harris,1994-95,24,DAL,NBA,7.0,79,31,1695,15.1,.233,.279,5.1,9.1,12.1,1.7,0.6,10.1,18.5,117,112,3.1,1.0,4.1,.117,0.8,-1.2,-0.4,0.7,Guard,harrilu01
Dan Majerle,1994-95,29,PHO,NBA,7.0,82,46,3091,15.1,.532,.274,3.9,10.1,15.6,1.6,0.9,8.3,17.6,119,112,6.0,1.7,7.7,.120,3.4,-0.4,3.0,3.9,Guard,majerda01
Ron Harper,1994-95,31,CHI,NBA,6.9,77,53,1536,12.2,.224,.267,3.9,9.9,15.3,3.3,1.3,15.4,18.8,98,103,-0.2,2.6,2.4,.073,-2.1,1.4,-0.7,0.5,Guard,harpero01
Bryant Stith,1994-95,24,DEN,NBA,6.9,81,51,2329,14.4,.103,.490,5.0,8.7,10.2,2.1,0.6,12.0,17.7,116,111,3.8,1.8,5.6,.115,0.5,-0.2,0.3,1.3,Guard,stithbr01
Hersey Hawkins,1994-95,28,CHH,NBA,6.8,82,82,2731,16.3,.368,.372,2.7,10.5,15.3,2.4,0.5,13.7,18.5,118,107,5.3,3.4,8.7,.153,2.6,0.8,3.4,3.7,Guard,hawkihe01
Dale Ellis,1994-95,34,DEN,NBA,6.7,81,3,1996,12.9,.340,.164,3.5,9.7,4.8,1.0,0.3,8.9,20.6,111,113,2.4,1.0,3.4,.083,0.0,-2.9,-2.9,-0.4,Guard,ellisda01
Anfernee Hardaway,1994-95,23,ORL,NBA,6.6,77,77,2901,20.8,.218,.405,5.7,7.5,28.5,2.3,0.6,16.1,23.7,119,110,8.2,2.5,10.7,.177,4.9,-0.7,4.2,4.5,Guard,hardaan01
Bobby Phills,1994-95,25,CLE,NBA,6.6,80,79,2500,12.2,.067,.288,4.4,9.0,12.9,2.6,0.8,10.9,19.8,101,105,0.5,3.6,4.0,.078,-1.8,1.3,-0.5,1.0,Guard,phillbo01
Mitch Richmond,1994-95,29,SAC,NBA,6.6,82,82,3172,17.2,.283,.297,2.6,10.4,17.8,1.5,0.7,12.1,27.0,110,109,4.9,3.1,8.0,.120,2.5,-0.7,1.8,3.0,Guard,richmmi01
Pete Myers,1994-95,31,CHI,NBA,6.5,71,14,1270,9.1,.136,.397,5.3,7.6,16.4,2.4,0.9,20.7,14.9,97,106,-0.4,1.7,1.3,.049,-3.1,0.9,-2.3,-0.1,Guard,myerspe01
Eric Piatkowski,1994-95,24,LAC,NBA,6.5,81,11,1208,13.9,.434,.252,5.8,7.3,10.6,1.6,0.9,11.1,20.5,111,114,1.6,0.4,2.0,.079,1.2,-2.6,-1.4,0.2,Guard,piatker01
Sam Cassell,1994-95,25,HOU,NBA,6.4,82,1,1882,15.9,.322,.428,2.4,10.1,32.3,2.5,0.5,19.2,20.8,111,108,2.7,2.0,4.7,.120,0.5,-0.9,-0.4,0.8,Guard,cassesa01
Wesley Person,1994-95,23,PHO,NBA,6.4,78,56,1800,14.2,.417,.158,4.3,8.6,8.6,1.3,1.0,10.4,18.3,116,113,3.0,0.8,3.8,.101,1.8,-1.7,0.1,1.0,Guard,persowe01
Anthony Bowie,1994-95,31,ORL,NBA,6.3,77,4,1261,11.7,.108,.198,5.1,7.5,17.3,1.9,1.1,17.7,16.6,107,110,1.0,1.0,2.0,.077,-1.2,-0.7,-2.0,0.0,Guard,bowiean01
Mitchell Butler,1994-95,24,WSB,NBA,6.3,76,5,1554,10.0,.278,.364,3.1,9.8,8.8,2.0,0.5,15.2,19.6,97,112,-0.5,0.8,0.3,.010,-2.6,-1.5,-4.0,-0.8,Guard,butlemi02
Vincent Askew,1994-95,28,SEA,NBA,6.2,71,1,1721,13.6,.187,.472,4.6,7.9,14.8,1.4,0.6,12.3,17.4,118,111,3.3,1.3,4.6,.128,0.9,-1.1,-0.3,0.7,Guard,askewvi01
John Crotty,1994-95,25,UTA,NBA,6.0,80,0,1019,12.2,.156,.524,3.5,8.2,27.6,2.0,0.5,19.8,15.8,109,108,1.0,1.0,2.1,.097,-0.8,-0.6,-1.4,0.2,Guard,crottjo01
Eric Murdock,1994-95,26,MIL,NBA,6.0,75,32,2158,17.3,.295,.328,2.6,9.5,37.0,2.7,0.4,17.2,23.1,108,111,2.7,1.6,4.3,.096,1.9,-1.5,0.4,1.3,Guard,murdoer01
Anthony Peeler,1994-95,25,LAL,NBA,6.0,73,24,1559,13.8,.328,.194,4.4,7.5,12.2,1.7,0.6,10.3,22.0,108,113,1.6,0.8,2.4,.073,0.4,-2.5,-2.1,0.0,Guard,peelean01
Byron Scott,1994-95,33,IND,NBA,6.0,80,1,1528,15.8,.348,.389,1.5,10.3,12.2,2.1,0.7,14.8,24.0,110,107,2.1,1.9,3.9,.124,0.9,-1.0,-0.1,0.7,Guard,scottby01
Steve Smith,1994-95,25,TOT,NBA,6.0,80,61,2665,16.1,.414,.369,4.4,7.7,17.4,1.2,0.9,11.7,22.5,115,109,5.3,2.4,7.8,.140,2.6,-1.2,1.3,2.2,Guard,smithst01
Doug West,1994-95,27,MIN,NBA,6.0,71,65,2328,11.6,.080,.323,3.2,8.7,14.3,1.5,0.8,12.6,19.6,104,115,1.2,0.6,1.8,.038,-1.4,-1.3,-2.6,-0.4,Guard,westdo01
Mario Elie,1994-95,31,HOU,NBA,5.9,81,13,1896,13.7,.413,.351,3.2,8.4,14.8,1.7,0.4,15.6,15.8,119,111,3.4,1.4,4.8,.122,1.1,-0.9,0.2,1.1,Guard,eliema01
Muggsy Bogues,1994-95,30,CHH,NBA,5.8,78,78,2629,16.9,.041,.247,2.4,8.9,40.3,2.1,0.0,14.0,16.6,119,108,5.8,2.8,8.6,.157,1.0,-0.8,0.2,1.5,Guard,boguemu01
Isaiah Rider,1994-95,23,MIN,NBA,5.8,75,67,2645,15.6,.317,.271,4.2,7.3,18.7,1.4,0.7,14.2,28.2,103,116,1.4,0.4,1.9,.034,2.0,-2.9,-0.8,0.8,Guard,rideris01
Gary Payton,1994-95,26,SEA,NBA,5.5,82,82,3015,21.3,.172,.259,4.3,6.7,31.8,3.4,0.3,11.8,24.4,118,107,8.2,3.5,11.7,.187,4.7,-0.2,4.5,5.0,Guard,paytoga01
John Stockton,1994-95,32,UTA,NBA,5.5,82,82,2867,23.3,.287,.387,2.6,8.0,52.6,3.5,0.6,22.4,18.9,125,105,9.9,4.0,13.9,.233,6.2,-0.7,5.5,5.4,Guard,stockjo01
Pooh Richardson,1994-95,28,LAC,NBA,5.4,80,77,2864,12.6,.272,.139,1.5,9.8,34.1,2.3,0.3,15.2,17.1,102,112,0.6,1.5,2.1,.036,-0.7,-1.3,-2.0,0.0,Guard,richapo01
Winston Garland,1994-95,30,MIN,NBA,5.3,73,58,1931,10.1,.183,.273,3.1,7.5,26.7,1.9,0.5,18.6,13.4,103,114,0.6,0.6,1.2,.030,-2.0,-1.5,-3.5,-0.7,Guard,garlawi01
Kenny Anderson,1994-95,24,NJN,NBA,5.1,72,70,2689,18.0,.285,.402,3.0,7.2,43.1,2.0,0.4,15.6,23.5,112,111,4.8,2.0,6.8,.122,3.5,-1.8,1.7,2.5,Guard,anderke01
Dee Brown,1994-95,26,BOS,NBA,5.1,79,69,2792,15.7,.335,.284,2.6,7.8,16.7,2.0,1.2,11.7,19.3,116,112,5.0,1.8,6.8,.117,2.6,-0.3,2.4,3.1,Guard,brownde01
Terry Dehere,1994-95,23,LAC,NBA,5.0,80,28,1774,11.8,.238,.426,2.2,8.3,20.7,1.3,0.3,16.2,23.8,100,115,0.0,0.4,0.5,.013,-1.5,-3.0,-4.6,-1.2,Guard,deherte01
Jeff Hornacek,1994-95,31,UTA,NBA,4.9,81,81,2696,18.6,.234,.344,2.6,6.9,20.1,2.5,0.5,11.8,20.6,122,108,7.2,2.9,10.1,.179,4.4,0.1,4.5,4.4,Guard,hornaje01
Allan Houston,1994-95,23,DET,NBA,4.9,76,39,1996,16.4,.434,.199,1.7,8.1,14.3,1.6,0.5,10.8,23.5,113,116,3.5,0.3,3.8,.091,2.6,-3.4,-0.8,0.6,Guard,houstal01
Dana Barros,1994-95,27,PHI,NBA,4.8,82,82,3318,20.9,.365,.331,0.9,8.7,32.6,2.4,0.1,15.3,21.2,124,111,10.5,2.2,12.7,.183,5.9,-1.6,4.3,5.3,Guard,barroda01
Keith Jennings,1994-95,26,GSW,NBA,4.8,80,24,1722,15.3,.480,.360,1.7,7.9,31.0,2.7,0.1,19.6,15.0,119,113,3.3,0.9,4.2,.117,1.2,-1.8,-0.6,0.6,Guard,jennike01
Reggie Miller,1994-95,29,IND,NBA,4.8,81,81,2665,20.1,.430,.391,1.4,8.0,16.1,2.0,0.5,10.6,24.6,123,108,8.5,2.8,11.4,.204,5.5,-1.2,4.3,4.3,Guard,millere01
Doug Overton,1994-95,25,WSB,NBA,4.8,82,20,1704,11.6,.251,.251,1.7,8.2,21.3,1.6,0.1,15.8,16.9,106,114,1.1,0.6,1.7,.048,-1.5,-2.2,-3.7,-0.7,Guard,overtdo01
James Robinson,1994-95,24,POR,NBA,4.8,71,25,1539,10.5,.357,.176,2.9,6.9,18.0,1.6,0.6,15.9,21.9,98,109,-0.3,1.5,1.2,.038,-1.3,-1.4,-2.7,-0.3,Guard,robinja02
John Starks,1994-95,29,NYK,NBA,4.7,80,78,2725,13.8,.575,.215,1.5,7.7,25.1,1.8,0.1,12.1,22.2,107,106,2.8,3.4,6.2,.109,2.2,-1.1,1.2,2.2,Guard,starkjo01
Danny Ainge,1994-95,35,PHO,NBA,4.6,74,1,1374,14.3,.507,.308,2.1,7.0,21.7,1.7,0.4,14.2,17.6,119,113,2.8,0.6,3.4,.118,2.1,-2.5,-0.4,0.6,Guard,aingeda01
Vinny Del Negro,1994-95,28,SAS,NBA,4.6,75,71,2360,13.8,.211,.211,1.4,7.5,14.6,1.3,0.4,6.3,16.7,120,109,4.6,2.2,6.8,.138,1.3,-0.4,0.9,1.8,Guard,delnevi01
Elliot Perry,1994-95,25,PHO,NBA,4.4,82,51,1977,17.3,.102,.332,3.0,5.8,28.8,3.9,0.1,19.5,18.3,114,109,3.3,1.9,5.2,.126,1.2,-0.5,0.8,1.4,Guard,perryel01
Kenny Smith,1994-95,29,HOU,NBA,4.4,81,81,2030,16.2,.558,.250,1.6,6.9,24.1,1.8,0.3,15.7,17.3,122,111,4.7,1.4,6.1,.144,2.8,-2.1,0.6,1.4,Guard,smithke01
B.J. Armstrong,1994-95,27,CHI,NBA,4.3,82,82,2577,15.1,.283,.261,1.1,7.4,14.7,1.7,0.2,9.4,19.0,119,108,5.4,2.8,8.1,.152,1.3,-1.2,0.2,1.4,Guard,armstbj01
Derek Harper,1994-95,33,NYK,NBA,4.2,80,80,2716,12.6,.386,.254,1.4,6.8,26.7,1.5,0.3,15.2,16.7,111,107,3.2,3.1,6.4,.113,0.4,-0.8,-0.4,1.1,Guard,harpede01
Nick Van Exel,1994-95,23,LAL,NBA,4.2,80,80,2944,16.3,.462,.271,1.0,7.4,33.6,1.7,0.1,15.1,21.3,113,113,5.0,1.3,6.4,.104,2.7,-3.0,-0.3,1.2,Guard,vanexni01
Spud Webb,1994-95,31,SAC,NBA,4.1,76,76,2458,13.7,.210,.351,1.4,6.8,29.8,1.6,0.2,18.9,17.7,111,110,3.1,2.0,5.1,.099,-0.1,-1.4,-1.5,0.3,Guard,webbsp01
Mahmoud Abdul-Rauf,1994-95,25,DEN,NBA,3.9,73,43,2082,17.8,.214,.155,1.9,5.9,23.0,1.9,0.3,10.0,25.8,112,112,3.8,1.3,5.0,.115,2.2,-2.8,-0.6,0.7,Guard,abdulma02
Avery Johnson,1994-95,29,SAS,NBA,3.9,82,82,3011,15.7,.025,.342,1.9,5.7,33.4,1.9,0.3,17.3,17.5,114,109,5.1,3.0,8.0,.128,0.8,-0.8,-0.1,1.5,Guard,johnsav01
Hubert Davis,1994-95,24,NYK,NBA,3.8,82,4,1697,14.7,.467,.194,2.2,5.3,15.2,1.1,0.5,11.5,20.4,116,109,3.1,1.7,4.8,.136,2.0,-2.1,0.0,0.8,Guard,davishu01
Steve Kerr,1994-95,29,CHI,NBA,3.8,82,0,1839,13.5,.343,.164,1.3,6.4,12.4,1.2,0.1,8.3,14.0,129,109,4.2,1.7,5.9,.153,1.2,-1.6,-0.4,0.7,Guard,kerrst01
Rex Walters,1994-95,24,NJN,NBA,3.5,80,30,1435,10.2,.418,.111,1.4,5.7,14.2,1.3,0.8,12.6,17.2,105,112,0.7,0.8,1.6,.052,-1.1,-2.1,-3.2,-0.4,Guard,waltere01
Lee Mayberry,1994-95,24,MIL,NBA,2.8,82,50,1744,9.9,.434,.203,1.4,4.3,23.9,1.5,0.2,19.3,14.0,107,115,1.2,0.4,1.6,.044,-1.5,-3.3,-4.8,-1.2,Guard,maybele01
Russell Westbrook,2016-17,28,OKC,NBA,17.1,81,81,2802,30.6,.300,.433,5.4,28.8,57.3,2.3,0.9,15.9,41.7,112,104,8.5,4.6,13.1,.224,10.9,4.7,15.5,12.4,Guard,westbru01
Jeremy Lamb,2016-17,24,CHO,NBA,12.7,62,5,1143,17.0,.297,.263,2.9,22.6,11.3,1.2,1.8,6.8,23.2,109,108,1.4,1.3,2.7,.115,-0.8,-0.9,-1.7,0.1,Guard,lambje01
James Harden,2016-17,27,HOU,NBA,12.2,81,81,2947,27.3,.493,.575,3.5,20.9,50.7,2.0,1.0,19.5,34.2,118,107,11.5,3.6,15.0,.245,8.7,1.5,10.1,9.0,Guard,hardeja01
Tony Allen,2016-17,35,MEM,NBA,11.7,71,66,1914,13.3,.091,.218,9.6,13.8,8.4,3.1,1.4,13.3,17.9,101,105,0.2,2.9,3.1,.077,-1.8,2.4,0.6,1.3,Guard,allento01
Justin Anderson,2016-17,23,TOT,NBA,11.3,75,10,1228,13.9,.443,.295,6.2,16.9,8.8,1.7,1.6,11.8,20.9,104,109,0.6,1.3,1.9,.075,-1.2,-0.3,-1.5,0.1,Guard,anderju01
Patrick Beverley,2016-17,28,HOU,NBA,10.4,67,67,2058,13.0,.529,.175,5.0,15.9,18.8,2.3,1.0,14.6,14.1,116,108,2.9,2.4,5.3,.123,0.8,1.5,2.3,2.2,Guard,beverpa01
Rajon Rondo,2016-17,30,CHI,NBA,10.4,69,42,1843,13.6,.237,.089,4.2,16.6,37.0,2.7,0.5,22.4,17.8,99,105,-0.3,2.7,2.3,.061,-1.3,1.6,0.3,1.1,Guard,rondora01
Terry Rozier,2016-17,22,BOS,NBA,10.0,74,0,1263,10.8,.436,.161,3.6,16.3,15.2,1.8,0.7,9.7,17.1,100,108,0.0,1.4,1.4,.054,-2.5,0.0,-2.5,-0.2,Guard,roziete01
Glenn Robinson,2016-17,23,IND,NBA,9.6,69,27,1426,11.4,.369,.224,4.5,14.6,4.7,1.4,1.2,9.0,12.9,112,110,1.3,1.2,2.5,.084,-1.2,-0.2,-1.4,0.2,Guard,robingl02
Andre Roberson,2016-17,25,OKC,NBA,9.4,79,79,2376,9.6,.396,.240,4.6,14.2,4.6,1.9,2.7,9.1,10.0,108,107,1.1,3.1,4.2,.085,-2.1,2.1,0.1,1.2,Guard,roberan03
Thabo Sefolosha,2016-17,32,ATL,NBA,9.3,62,42,1596,11.9,.304,.190,3.8,14.7,9.9,3.0,1.7,11.9,13.3,105,103,0.6,2.7,3.3,.098,-1.9,3.1,1.2,1.3,Guard,sefolth01
Jimmy Butler,2016-17,27,CHI,NBA,9.0,76,75,2809,25.1,.198,.540,4.9,13.2,24.8,2.6,0.9,9.3,26.5,123,106,10.0,3.8,13.8,.236,5.8,1.1,6.9,6.3,Guard,butleji01
Chris Paul,2016-17,31,LAC,NBA,8.8,61,61,1921,26.2,.385,.331,2.5,14.9,46.8,3.0,0.3,14.0,24.4,126,106,8.0,2.6,10.6,.264,7.7,0.9,8.6,5.2,Guard,paulch01
Elfrid Payton,2016-17,22,ORL,NBA,8.7,82,58,2412,17.2,.160,.231,3.9,13.8,35.7,1.8,1.3,15.0,21.6,107,111,2.4,2.0,4.4,.088,0.7,0.2,0.9,1.7,Guard,paytoel01
Will Barton,2016-17,26,DEN,NBA,8.4,60,19,1705,15.5,.352,.285,3.8,12.9,17.7,1.4,1.3,11.4,21.1,112,114,2.5,0.8,3.3,.092,1.3,-1.0,0.2,1.0,Guard,bartowi01
Sean Kilpatrick,2016-17,27,BRK,NBA,8.4,70,24,1754,13.1,.419,.329,1.3,15.4,14.6,1.2,0.3,13.9,23.9,101,112,0.3,1.1,1.4,.039,-1.2,-1.8,-3.0,-0.4,Guard,kilpase01
DeMar DeRozan,2016-17,27,TOR,NBA,8.3,74,74,2620,24.0,.080,.419,3.0,13.6,20.6,1.5,0.4,9.0,34.3,113,110,6.7,2.4,9.0,.166,2.4,-1.5,0.9,1.9,Guard,derozde01
Andre Iguodala,2016-17,33,GSW,NBA,8.3,76,0,1998,14.3,.427,.246,3.0,13.1,16.7,1.8,1.5,11.2,11.2,129,105,4.1,2.9,6.9,.167,1.3,1.7,3.0,2.5,Guard,iguodan01
Evan Turner,2016-17,28,POR,NBA,8.3,65,12,1658,11.4,.214,.187,2.4,14.2,18.4,1.6,1.2,14.3,18.5,100,111,0.0,1.2,1.2,.035,-2.5,-0.1,-2.6,-0.3,Guard,turneev01
Dwyane Wade,2016-17,35,CHI,NBA,8.2,60,59,1792,18.5,.152,.294,3.8,12.6,22.4,2.4,1.8,11.3,29.6,103,106,0.9,2.5,3.4,.090,0.4,0.6,1.0,1.4,Guard,wadedw01
Eric Bledsoe,2016-17,27,PHO,NBA,8.0,66,66,2176,20.6,.300,.443,2.5,13.8,31.1,2.0,1.2,15.3,28.1,111,112,4.0,1.4,5.4,.119,3.7,-0.4,3.3,2.9,Guard,bledser01
Buddy Hield,2016-17,23,TOT,NBA,7.8,82,55,1888,11.8,.493,.099,2.0,13.5,10.3,1.0,0.4,11.2,21.4,100,112,0.0,1.3,1.3,.032,-0.9,-1.9,-2.8,-0.4,Guard,hieldbu01
DeAndre Liggins,2016-17,28,TOT,NBA,7.7,62,19,777,7.5,.324,.282,2.9,12.2,9.2,3.0,1.5,20.8,11.6,92,107,-0.4,0.9,0.5,.031,-3.9,1.8,-2.1,0.0,Guard,liggide01
Joe Johnson,2016-17,35,UTA,NBA,7.6,78,14,1843,12.7,.412,.123,2.1,12.7,12.6,1.0,0.8,9.5,18.5,109,108,1.7,2.1,3.8,.098,-0.1,-0.1,-0.2,0.8,Guard,johnsjo02
Damian Lillard,2016-17,26,POR,NBA,7.6,75,75,2694,24.1,.388,.366,1.9,13.3,28.7,1.3,0.6,10.2,31.5,118,113,8.8,1.5,10.3,.184,6.4,-2.0,4.3,4.3,Guard,lillada01
Justin Holiday,2016-17,27,NYK,NBA,7.4,82,4,1639,12.7,.507,.149,1.8,13.1,9.2,2.0,1.5,10.3,16.9,108,111,1.3,1.2,2.5,.073,-0.3,-0.8,-1.1,0.4,Guard,holidju01
Tyler Johnson,2016-17,24,MIA,NBA,7.4,73,0,2178,15.9,.303,.308,2.5,12.5,16.6,1.9,1.6,8.8,20.9,112,107,3.1,2.7,5.8,.128,0.7,0.7,1.5,1.9,Guard,johnsty01
Stephen Curry,2016-17,28,GSW,NBA,7.3,79,79,2638,24.7,.547,.251,2.7,11.4,31.1,2.6,0.5,12.9,30.1,119,105,8.7,3.9,12.6,.229,7.8,-0.4,7.4,6.2,Guard,curryst01
Kris Dunn,2016-17,22,MIN,NBA,7.3,78,7,1333,8.1,.233,.188,2.1,12.6,19.4,3.0,2.3,20.8,14.2,90,109,-1.2,1.3,0.1,.004,-3.7,1.5,-2.2,-0.1,Guard,dunnkr01
Rodney Hood,2016-17,24,UTA,NBA,7.3,59,55,1593,12.4,.459,.173,1.2,13.1,10.1,1.3,0.6,8.3,22.9,104,107,0.7,1.9,2.6,.079,-0.3,-0.9,-1.2,0.3,Guard,hoodro01
Bojan Bogdanovic,2016-17,27,TOT,NBA,7.2,81,54,2083,13.5,.464,.288,1.9,12.3,8.7,0.8,0.3,12.0,22.4,108,114,2.0,0.9,2.9,.067,-0.1,-2.8,-2.8,-0.4,Guard,bogdabo02
Vince Carter,2016-17,40,MEM,NBA,7.2,73,15,1799,11.7,.604,.235,2.2,12.5,11.5,1.7,1.9,8.5,14.9,112,108,1.9,2.1,4.0,.106,0.1,0.9,1.0,1.4,Guard,cartevi01
Kyle Lowry,2016-17,30,TOR,NBA,7.2,60,60,2244,22.9,.510,.398,2.4,12.0,29.9,2.0,0.7,13.8,24.9,123,109,7.8,2.3,10.1,.216,7.1,-0.5,6.6,4.9,Guard,lowryky01
Rodney McGruder,2016-17,25,MIA,NBA,7.2,78,65,1966,9.1,.478,.154,5.3,9.2,8.8,1.2,0.7,10.2,12.3,108,110,1.2,1.7,2.9,.072,-0.8,0.5,-0.4,0.8,Guard,mcgruro01
C.J. Miles,2016-17,29,IND,NBA,7.2,76,29,1776,13.7,.632,.144,1.9,12.4,4.1,1.3,1.2,5.5,18.4,115,111,2.7,1.4,4.0,.109,1.5,-2.1,-0.5,0.7,Guard,milescj01
Victor Oladipo,2016-17,24,OKC,NBA,7.2,67,67,2222,13.6,.378,.165,1.9,12.6,12.5,1.7,0.8,10.6,21.4,106,109,1.7,2.3,4.0,.086,-0.4,-0.9,-1.3,0.4,Guard,oladivi01
Ricky Rubio,2016-17,26,MIN,NBA,7.2,75,75,2469,16.8,.302,.438,3.2,11.4,38.9,2.6,0.3,20.1,17.4,115,112,4.5,1.7,6.1,.119,1.7,-1.0,0.8,1.7,Guard,rubiori01
Raymond Felton,2016-17,32,LAC,NBA,7.1,80,11,1700,10.9,.280,.125,2.2,11.8,16.3,2.0,1.1,13.3,16.5,101,109,0.2,1.8,2.0,.055,-1.8,0.9,-0.9,0.5,Guard,feltora01
Marcus Smart,2016-17,22,BOS,NBA,7.1,79,24,2399,12.0,.442,.334,3.7,10.5,22.0,2.6,1.1,15.6,18.8,102,108,0.5,2.7,3.2,.064,-1.1,0.8,-0.3,1.0,Guard,smartma01
Danny Green,2016-17,29,SAS,NBA,7.0,68,68,1807,10.2,.693,.071,2.0,11.8,9.6,2.0,2.6,14.1,13.5,103,104,0.4,3.0,3.4,.090,-0.3,2.7,2.4,2.0,Guard,greenda02
Jeff Teague,2016-17,28,IND,NBA,7.0,82,82,2657,19.2,.278,.457,1.4,12.4,36.4,1.9,1.1,16.5,22.0,115,110,5.7,2.4,8.1,.147,2.4,-0.5,1.9,2.6,Guard,teaguje01
Manu Ginobili,2016-17,39,SAS,NBA,6.9,69,0,1291,13.9,.517,.244,2.5,11.1,20.8,3.2,1.0,16.5,20.4,104,102,0.6,2.4,3.0,.110,0.5,1.4,1.9,1.3,Guard,ginobma01
Norman Powell,2016-17,23,TOR,NBA,6.9,76,18,1368,14.0,.342,.314,2.2,11.7,9.3,1.9,0.9,10.8,21.1,109,109,1.4,1.4,2.8,.097,-0.4,-1.2,-1.5,0.2,Guard,powelno01
Devin Harris,2016-17,33,DAL,NBA,6.8,65,0,1087,13.8,.519,.378,1.1,13.0,20.0,2.1,0.6,12.5,19.7,108,109,1.1,1.1,2.2,.096,-0.1,-0.3,-0.4,0.4,Guard,harride01
Cory Joseph,2016-17,25,TOR,NBA,6.7,80,22,2003,13.2,.204,.185,2.9,10.4,20.0,1.7,0.6,13.2,18.4,108,110,1.7,1.7,3.4,.081,-0.4,-0.4,-0.8,0.6,Guard,josepco01
Jamal Murray,2016-17,19,DEN,NBA,6.7,82,10,1764,12.0,.472,.165,2.6,10.7,14.0,1.5,1.1,12.6,21.6,103,114,0.7,0.7,1.4,.038,-0.4,-2.0,-2.5,-0.2,Guard,murraja01
D'Angelo Russell,2016-17,20,LAL,NBA,6.7,63,60,1811,15.3,.443,.217,1.8,11.9,26.8,2.3,0.7,15.6,26.6,101,113,0.3,1.0,1.3,.034,1.1,-1.6,-0.5,0.7,Guard,russeda01
Ish Smith,2016-17,28,DET,NBA,6.6,81,32,1955,14.7,.140,.136,1.1,12.4,32.5,1.6,1.4,12.4,20.5,103,108,0.9,2.2,3.1,.076,-1.2,0.4,-0.8,0.6,Guard,smithis01
Spencer Dinwiddie,2016-17,23,BRK,NBA,6.5,59,18,1334,12.7,.334,.526,2.2,10.7,20.3,1.6,1.3,15.1,14.1,116,112,1.9,0.9,2.8,.101,-0.7,-0.2,-0.9,0.4,Guard,dinwisp01
T.J. McConnell,2016-17,24,PHI,NBA,6.5,81,51,2133,13.6,.107,.176,2.0,11.0,37.5,3.0,0.4,22.5,14.5,106,108,1.4,2.3,3.7,.084,-2.1,0.0,-2.0,0.0,Guard,mccontj01
Jonathon Simmons,2016-17,27,SAS,NBA,6.5,78,8,1392,9.9,.242,.314,1.7,11.1,13.2,1.7,1.5,13.7,18.0,100,105,-0.1,2.1,2.0,.068,-2.8,0.9,-1.9,0.0,Guard,simmojo02
John Wall,2016-17,26,WAS,NBA,6.5,78,78,2836,23.2,.190,.368,2.3,10.7,46.9,2.7,1.5,16.2,30.6,110,108,5.7,3.0,8.8,.149,3.8,0.3,4.1,4.4,Guard,walljo01
Kent Bazemore,2016-17,27,ATL,NBA,6.4,73,64,1963,11.5,.368,.233,2.6,10.2,14.2,2.3,2.3,13.6,20.5,97,106,-0.6,2.8,2.1,.052,-2.0,1.2,-0.8,0.6,Guard,bazemke01
Randy Foye,2016-17,33,BRK,NBA,6.4,69,40,1284,7.3,.625,.194,0.8,11.9,15.2,1.3,0.5,18.5,14.4,95,113,-0.6,0.7,0.2,.006,-3.0,-1.0,-3.9,-0.6,Guard,foyera01
Jrue Holiday,2016-17,26,NOP,NBA,6.4,67,61,2190,17.1,.314,.188,2.2,10.6,35.9,2.2,1.6,16.7,23.5,104,108,1.2,2.6,3.8,.084,1.2,0.5,1.7,2.0,Guard,holidjr01
Ben McLemore,2016-17,23,SAC,NBA,6.4,61,26,1176,9.8,.406,.222,1.9,10.8,6.9,1.2,0.5,11.9,20.1,99,114,-0.1,0.5,0.4,.015,-2.1,-2.7,-4.8,-0.8,Guard,mclembe01
Derrick Rose,2016-17,28,NYK,NBA,6.4,64,64,2082,17.0,.061,.259,3.4,9.3,22.8,1.1,0.7,11.9,25.7,108,115,2.4,0.6,3.0,.068,0.2,-2.2,-1.9,0.0,Guard,rosede01
Malcolm Brogdon,2016-17,24,MIL,NBA,6.3,75,28,1982,14.9,.304,.198,2.8,9.6,24.4,2.2,0.5,14.1,18.5,111,111,2.6,1.5,4.1,.100,0.7,-1.1,-0.5,0.8,Guard,brogdma01
Goran Dragic,2016-17,30,MIA,NBA,6.3,73,73,2459,19.8,.256,.336,2.7,9.9,29.0,1.8,0.4,14.1,27.1,113,109,5.0,2.6,7.6,.147,3.4,-0.7,2.7,2.9,Guard,dragigo01
Dante Exum,2016-17,21,UTA,NBA,6.2,66,26,1228,8.5,.409,.201,2.9,9.3,14.2,0.9,0.8,16.8,18.1,100,109,-0.1,1.3,1.2,.046,-2.0,-0.5,-2.5,-0.2,Guard,exumda01
Shaun Livingston,2016-17,31,GSW,NBA,6.2,76,3,1345,10.1,.009,.190,2.4,9.4,13.5,1.4,1.2,15.1,12.9,110,108,1.1,1.6,2.6,.094,-2.5,0.5,-2.0,0.0,Guard,livinsh01
Iman Shumpert,2016-17,26,CLE,NBA,6.2,76,31,1937,9.0,.534,.184,2.3,9.9,7.8,1.6,1.1,12.9,13.9,104,112,0.7,1.4,2.0,.050,-1.3,0.0,-1.3,0.3,Guard,shumpim01
Tony Snell,2016-17,25,MIL,NBA,6.2,80,80,2336,9.7,.656,.107,1.1,11.1,5.9,1.2,0.5,8.8,12.1,114,113,2.1,1.3,3.4,.071,0.2,-1.1,-0.8,0.7,Guard,snellto01
Kemba Walker,2016-17,26,CHO,NBA,6.2,79,79,2739,21.3,.415,.248,1.8,10.6,29.1,1.6,0.7,9.5,29.2,113,111,5.8,2.2,8.0,.141,5.3,-1.8,3.6,3.9,Guard,walkeke02
Gerald Henderson,2016-17,29,PHI,NBA,6.1,72,41,1667,10.8,.313,.299,2.2,10.0,10.5,1.2,0.7,9.2,17.9,106,112,1.0,1.0,2.0,.059,-1.9,-1.2,-3.1,-0.5,Guard,hendege02
Garrett Temple,2016-17,30,SAC,NBA,6.1,65,21,1728,11.2,.509,.171,2.2,10.0,14.5,2.5,1.5,14.4,14.2,106,111,0.9,1.3,2.2,.062,-0.3,0.6,0.3,1.0,Guard,templga01
Mike Conley,2016-17,29,MEM,NBA,6.0,69,68,2292,23.2,.416,.364,1.5,10.8,34.5,2.1,0.8,11.7,26.3,121,108,7.5,2.5,10.0,.209,6.5,-0.7,5.8,4.5,Guard,conlemi01
Tim Frazier,2016-17,26,NOP,NBA,6.0,65,35,1525,12.4,.317,.319,2.3,9.7,31.4,1.8,0.3,18.0,16.3,106,110,1.0,1.4,2.4,.075,-1.5,-0.7,-2.2,-0.1,Guard,fraziti01
Ty Lawson,2016-17,29,SAC,NBA,6.0,69,24,1732,15.4,.226,.416,3.0,8.9,30.0,2.2,0.3,17.3,19.5,110,113,2.2,1.0,3.2,.088,0.2,-1.5,-1.3,0.3,Guard,lawsoty01
Wesley Matthews,2016-17,30,DAL,NBA,6.0,73,73,2495,11.9,.566,.211,0.8,11.8,13.6,1.6,0.6,9.9,19.4,104,110,1.0,2.1,3.1,.060,0.2,-0.1,0.1,1.3,Guard,matthwe02
Leandro Barbosa,2016-17,34,PHO,NBA,5.9,67,0,963,11.5,.250,.115,1.6,10.3,13.0,1.5,0.7,10.4,20.0,103,114,0.3,0.4,0.6,.031,-2.0,-2.1,-4.1,-0.5,Guard,barbole01
Ian Clark,2016-17,25,GSW,NBA,5.9,77,0,1137,13.1,.376,.134,2.3,9.1,11.2,1.7,0.6,10.7,19.5,108,108,1.0,1.3,2.3,.099,-0.6,-1.4,-2.0,0.0,Guard,clarkia01
Brandon Jennings,2016-17,27,TOT,NBA,5.9,81,13,1802,12.0,.471,.284,1.8,10.0,30.4,1.9,0.2,17.7,17.6,104,113,0.7,1.0,1.7,.045,-0.8,-2.2,-3.0,-0.4,Guard,jennibr01
Klay Thompson,2016-17,26,GSW,NBA,5.9,78,78,2649,17.4,.470,.158,2.2,9.2,9.3,1.2,1.2,8.0,26.1,111,108,4.2,2.9,7.1,.128,2.4,-2.1,0.3,1.5,Guard,thompkl01
Isaiah Whitehead,2016-17,21,BRK,NBA,5.9,73,26,1643,7.5,.293,.222,2.1,9.6,17.7,1.2,1.7,20.3,18.2,91,113,-1.8,0.9,-0.8,-.024,-4.3,-0.6,-4.9,-1.2,Guard,whiteis01
Jerian Grant,2016-17,24,CHI,NBA,5.8,63,28,1028,13.1,.445,.243,1.8,9.9,17.3,2.3,0.6,11.7,16.0,114,108,1.3,1.2,2.5,.118,0.0,-0.3,-0.3,0.4,Guard,grantje02
Kyle Korver,2016-17,35,TOT,NBA,5.8,67,22,1753,12.1,.698,.082,0.5,10.9,9.4,0.9,1.0,11.5,15.1,116,111,2.4,1.3,3.7,.101,0.8,-1.1,-0.2,0.8,Guard,korveky01
C.J. McCollum,2016-17,25,POR,NBA,5.8,80,80,2796,19.9,.305,.204,2.4,9.2,18.0,1.3,1.2,9.9,27.5,114,113,6.2,1.4,7.6,.131,3.3,-2.2,1.0,2.1,Guard,mccolcj01
Monta Ellis,2016-17,31,IND,NBA,5.7,74,33,1998,10.0,.242,.230,1.1,10.3,17.2,2.0,1.2,18.0,16.8,97,110,-0.7,1.7,1.1,.026,-2.5,0.2,-2.3,-0.2,Guard,ellismo01
Tim Hardaway,2016-17,24,ATL,NBA,5.7,79,30,2154,15.2,.457,.235,1.8,9.5,14.3,1.3,0.6,9.5,22.5,110,109,2.7,2.1,4.8,.107,1.3,-1.5,-0.3,0.9,Guard,hardati02
Courtney Lee,2016-17,31,NYK,NBA,5.7,77,74,2459,12.1,.382,.139,2.4,9.1,10.6,1.6,0.8,8.4,14.4,115,114,3.1,1.1,4.2,.081,0.6,-0.7,-0.2,1.1,Guard,leeco01
Sergio Rodriguez,2016-17,30,PHI,NBA,5.7,68,30,1518,11.0,.470,.050,1.5,9.9,35.4,1.5,0.2,18.9,19.3,99,112,-0.3,1.0,0.7,.022,-1.6,-2.4,-3.9,-0.7,Guard,rodrise01
Nik Stauskas,2016-17,23,PHI,NBA,5.7,80,27,2188,9.0,.566,.237,1.1,10.3,12.9,1.0,1.2,15.5,16.4,100,112,0.1,1.4,1.4,.032,-1.7,-0.7,-2.4,-0.2,Guard,stausni01
Jordan Clarkson,2016-17,24,LAL,NBA,5.6,82,19,2397,13.1,.332,.157,2.2,9.3,14.4,1.8,0.3,12.5,23.3,102,115,0.5,0.7,1.2,.024,-0.5,-2.3,-2.7,-0.5,Guard,clarkjo01
Langston Galloway,2016-17,25,TOT,NBA,5.6,74,2,1495,10.4,.565,.117,1.9,9.3,9.4,1.5,0.3,7.4,18.4,101,111,0.2,1.1,1.3,.041,-0.9,-1.7,-2.6,-0.2,Guard,gallola01
Lou Williams,2016-17,30,TOT,NBA,5.6,81,1,1994,21.4,.446,.458,1.4,9.9,19.9,1.9,0.8,11.8,29.1,115,113,5.1,1.0,6.1,.147,3.7,-3.0,0.8,1.4,Guard,willilo02
Marco Belinelli,2016-17,30,CHO,NBA,5.5,74,0,1778,13.3,.459,.273,0.9,10.2,13.1,1.2,0.4,9.2,19.2,110,112,2.0,1.2,3.2,.087,0.1,-2.0,-1.9,0.1,Guard,belinma01
Allen Crabbe,2016-17,24,POR,NBA,5.5,79,7,2254,11.6,.467,.192,0.9,10.2,6.1,1.2,0.7,8.1,14.9,117,114,3.1,1.0,4.1,.088,0.3,-1.4,-1.1,0.5,Guard,crabbal01
Malcolm Delaney,2016-17,27,ATL,NBA,5.5,73,2,1248,7.6,.284,.240,1.0,9.9,23.1,1.5,0.1,18.0,18.3,92,109,-1.1,1.3,0.2,.006,-4.6,-1.2,-5.8,-1.2,Guard,delanma01
Dennis Schroder,2016-17,23,ATL,NBA,5.5,79,78,2485,16.1,.242,.210,1.9,9.0,35.5,1.5,0.6,16.3,27.8,103,109,1.2,2.5,3.7,.071,0.7,-1.4,-0.7,0.8,Guard,schrode01
Kentavious Caldwell-Pope,2016-17,23,DET,NBA,5.3,76,75,2529,12.9,.471,.199,2.3,8.7,11.3,1.8,0.4,7.9,19.2,107,109,2.0,2.5,4.6,.087,0.9,0.0,0.9,1.9,Guard,caldwke01
Andrew Harrison,2016-17,22,MEM,NBA,5.3,72,18,1474,8.7,.433,.539,1.7,9.0,20.0,1.9,1.3,16.0,16.4,100,109,0.0,1.5,1.6,.051,-2.4,0.0,-2.5,-0.2,Guard,harrian01
Patrick McCaw,2016-17,21,GSW,NBA,5.2,71,20,1074,8.6,.502,.151,2.4,7.6,9.0,1.4,1.1,12.1,11.9,107,108,0.6,1.2,1.7,.077,-1.6,-0.1,-1.7,0.1,Guard,mccawpa01
Jameer Nelson,2016-17,34,DEN,NBA,5.2,75,39,2045,11.5,.452,.104,1.5,8.8,26.0,1.3,0.3,16.8,15.8,111,116,2.3,0.5,2.8,.065,0.4,-2.3,-2.0,0.0,Guard,nelsoja01
Seth Curry,2016-17,26,DAL,NBA,5.1,70,42,2029,15.5,.458,.142,1.4,9.1,15.9,2.0,0.3,11.0,19.5,113,110,2.9,1.7,4.6,.109,1.8,-0.4,1.4,1.7,Guard,curryse01
Evan Fournier,2016-17,24,ORL,NBA,5.1,68,66,2234,13.9,.387,.298,2.1,8.3,14.8,1.5,0.1,11.8,23.5,106,114,1.7,1.1,2.8,.059,0.8,-2.2,-1.3,0.4,Guard,fournev01
Deron Williams,2016-17,32,TOT,NBA,5.1,64,44,1657,13.9,.389,.181,0.9,9.4,35.9,1.0,0.4,17.5,22.1,106,113,1.4,0.9,2.4,.068,0.2,-2.4,-2.3,-0.1,Guard,willide01
Bradley Beal,2016-17,23,WAS,NBA,5.0,77,77,2684,20.1,.418,.259,2.2,7.8,16.2,1.5,0.7,9.6,26.5,117,112,6.8,1.6,8.5,.151,4.5,-2.4,2.2,2.8,Guard,bealbr01
Devin Booker,2016-17,20,PHO,NBA,5.0,78,78,2730,14.6,.283,.308,1.8,8.3,16.3,1.3,0.6,12.9,28.6,103,116,1.4,0.6,2.0,.035,0.4,-2.7,-2.3,-0.2,Guard,bookede01
Semaj Christon,2016-17,24,OKC,NBA,5.0,64,1,973,5.7,.283,.139,2.2,7.9,18.1,1.4,0.5,15.4,12.2,91,111,-0.7,0.8,0.1,.006,-5.0,-1.3,-6.3,-1.1,Guard,chrisse01
Kyrie Irving,2016-17,24,CLE,NBA,5.0,72,72,2525,23.0,.311,.231,2.3,7.5,29.7,1.6,0.8,10.3,30.8,116,112,7.4,1.5,8.9,.170,4.8,-2.3,2.5,2.9,Guard,irvinky01
Tyus Jones,2016-17,20,MIN,NBA,5.0,60,0,774,13.8,.403,.238,1.5,8.7,28.0,3.1,0.6,16.0,13.6,114,111,1.0,0.6,1.5,.095,-0.4,-1.5,-1.9,0.0,Guard,jonesty01
Wayne Ellington,2016-17,29,MIA,NBA,4.9,62,13,1500,12.7,.710,.077,1.3,8.6,7.1,1.2,0.2,5.0,17.9,114,111,2.1,1.2,3.3,.106,1.8,-1.9,-0.2,0.7,Guard,ellinwa01
Troy Daniels,2016-17,25,MEM,NBA,4.8,67,3,1183,10.4,.717,.109,2.0,7.9,6.6,0.9,0.2,8.0,21.7,104,112,0.5,0.8,1.3,.051,0.3,-3.5,-3.2,-0.3,Guard,danietr01
C.J. Watson,2016-17,32,ORL,NBA,4.8,62,9,1012,9.3,.423,.266,1.7,8.1,16.3,2.1,0.2,14.5,14.1,103,112,0.2,0.6,0.9,.041,-2.5,-1.1,-3.6,-0.4,Guard,watsocj01
Nick Young,2016-17,31,LAL,NBA,4.8,60,60,1556,14.1,.665,.142,1.7,8.2,5.8,1.2,0.7,5.1,19.5,118,116,3.0,0.2,3.2,.098,2.6,-3.4,-0.7,0.5,Guard,youngni01
Eric Gordon,2016-17,28,HOU,NBA,4.7,75,15,2323,13.2,.651,.172,1.4,8.1,12.3,1.0,1.4,10.0,22.1,109,113,2.5,1.4,3.8,.079,1.0,-2.4,-1.4,0.4,Guard,gordoer01
Arron Afflalo,2016-17,31,SAC,NBA,4.6,61,45,1580,9.0,.360,.221,0.7,8.4,7.4,0.7,0.4,8.4,14.4,109,116,1.2,0.2,1.4,.043,-1.4,-2.0,-3.5,-0.6,Guard,afflaar01
Patty Mills,2016-17,28,SAS,NBA,4.6,80,8,1754,15.2,.572,.129,1.6,7.4,24.3,1.9,0.1,13.3,19.5,114,107,2.8,2.2,5.1,.139,2.5,-1.2,1.3,1.5,Guard,millspa02
Tyler Ulis,2016-17,21,PHO,NBA,4.6,61,15,1123,13.0,.181,.162,1.9,7.5,30.5,2.0,0.4,14.1,20.3,102,114,0.3,0.4,0.7,.029,-1.4,-2.5,-4.0,-0.6,Guard,ulisty01
Alex Abrines,2016-17,23,OKC,NBA,4.5,68,6,1055,10.1,.724,.144,1.9,7.1,5.5,1.7,0.6,8.3,15.9,113,110,1.2,0.9,2.1,.095,-0.3,-2.2,-2.5,-0.1,Guard,abrinal01
Jason Terry,2016-17,39,MIL,NBA,4.5,74,0,1365,9.0,.704,.119,1.3,7.7,9.9,1.7,1.3,12.3,9.8,116,112,1.2,0.9,2.1,.075,-0.5,-0.6,-1.1,0.3,Guard,terryja01
Matthew Dellavedova,2016-17,26,MIL,NBA,4.4,76,54,1986,9.4,.404,.180,1.4,7.3,25.7,1.4,0.0,18.8,16.3,102,114,0.3,0.9,1.2,.029,-1.9,-2.8,-4.7,-1.3,Guard,dellama01
E'Twaun Moore,2016-17,27,NOP,NBA,4.4,73,22,1820,12.1,.336,.120,2.0,6.9,13.8,1.3,1.4,8.7,17.4,107,111,1.2,1.5,2.7,.070,-0.8,-0.5,-1.3,0.3,Guard,mooreet01
Austin Rivers,2016-17,24,LAC,NBA,4.4,74,29,2054,11.4,.409,.261,1.1,7.5,15.0,1.2,0.4,12.4,20.3,105,112,1.2,1.3,2.5,.059,-0.1,-1.5,-1.6,0.2,Guard,riverau01
Isaiah Thomas,2016-17,27,BOS,NBA,4.4,76,76,2569,26.5,.439,.441,1.9,7.0,32.5,1.3,0.4,10.7,34.0,122,112,10.9,1.6,12.5,.234,8.7,-3.4,5.3,4.8,Guard,thomais02
Aaron Brooks,2016-17,32,IND,NBA,4.3,65,0,894,9.5,.427,.133,2.3,6.3,20.7,1.4,0.9,17.2,19.2,98,113,-0.2,0.5,0.3,.016,-2.1,-2.5,-4.6,-0.6,Guard,brookaa01
Darren Collison,2016-17,29,SAC,NBA,4.3,68,64,2063,15.3,.245,.239,1.3,7.2,24.5,1.6,0.4,12.6,19.8,113,114,3.1,0.8,3.9,.091,0.8,-2.3,-1.5,0.3,Guard,collida01
J.J. Redick,2016-17,32,LAC,NBA,4.3,78,78,2198,14.8,.526,.227,0.6,7.9,7.8,1.3,0.5,9.1,21.9,113,112,3.3,1.5,4.8,.105,2.0,-2.0,0.0,1.1,Guard,redicjj01
D.J. Augustin,2016-17,29,ORL,NBA,4.1,78,20,1538,11.0,.530,.311,1.0,7.4,20.5,1.0,0.1,13.3,19.4,104,115,0.7,0.5,1.2,.038,-0.9,-3.3,-4.2,-0.9,Guard,augusdj01
Tony Parker,2016-17,34,SAS,NBA,4.0,63,63,1587,13.0,.121,.206,0.7,7.3,27.8,1.1,0.1,12.5,20.2,107,109,1.4,1.7,3.0,.091,-1.2,-1.7,-3.0,-0.4,Guard,parketo01
Jamal Crawford,2016-17,36,LAC,NBA,3.3,82,1,2157,12.0,.371,.234,0.9,5.7,15.1,1.4,0.5,12.3,22.7,102,112,0.5,1.4,1.9,.042,-1.0,-2.1,-3.0,-0.6,Guard,crawfja01
Buck Williams,1982-83,22,NJN,NBA,19.6,82,82,2961,18.6,.004,.573,14.1,25.0,5.9,1.4,2.2,17.7,18.4,112,97,5.5,5.9,11.4,.185,1.4,1.9,3.3,3.9,Forward,willibu01
Cliff Robinson,1982-83,22,CLE,NBA,18.7,77,75,2601,17.5,.004,.245,8.1,29.9,9.3,1.2,1.3,14.1,25.6,99,103,1.2,3.2,4.4,.081,-1.3,0.1,-1.2,0.5,Forward,robincl01
Dave Greenwood,1982-83,25,CHI,NBA,17.4,79,61,2355,13.0,.006,.340,9.9,24.9,8.5,1.0,2.0,16.3,15.5,102,105,1.3,2.3,3.6,.073,-1.7,1.0,-0.7,0.8,Forward,greenda01
Maurice Lucas,1982-83,30,PHO,NBA,17.1,77,71,2586,16.1,.003,.341,9.0,24.5,11.9,1.0,0.9,15.5,22.5,103,99,2.4,4.7,7.1,.132,-0.6,1.0,0.4,1.6,Forward,lucasma01
Clark Kellogg,1982-83,21,IND,NBA,16.8,81,81,2761,20.3,.013,.248,12.6,21.3,11.7,2.4,0.9,12.1,25.5,107,106,4.4,2.4,6.8,.119,2.2,-0.2,2.0,2.8,Forward,kellocl01
Terry Cummings,1982-83,21,SDC,NBA,16.7,70,69,2531,22.8,.001,.315,12.6,21.6,10.9,2.4,1.4,12.0,26.0,113,106,6.5,2.2,8.7,.164,3.8,-0.3,3.5,3.5,Forward,cummite01
Dan Roundfield,1982-83,29,ATL,NBA,16.6,77,76,2811,18.8,.023,.377,9.8,23.4,12.4,1.0,2.3,15.0,24.2,103,100,2.9,4.5,7.4,.127,0.7,1.7,2.4,3.1,Forward,roundda01
Kurt Rambis,1982-83,24,LAL,NBA,16.3,78,77,1806,14.1,.005,.402,10.5,21.5,5.7,2.7,1.9,23.0,13.8,106,101,1.6,2.8,4.3,.116,-0.3,2.0,1.8,1.7,Forward,rambiku01
Ed Nealy,1982-83,22,KCK,NBA,16.0,82,61,1643,11.6,.000,.462,11.2,20.7,4.4,1.9,0.4,14.6,8.1,125,103,2.6,2.1,4.7,.137,0.2,1.4,1.5,1.5,Forward,nealyed01
Truck Robinson,1982-83,31,NYK,NBA,15.9,81,76,2426,10.7,.000,.285,9.5,22.4,8.6,1.2,0.6,19.3,17.3,93,99,-1.0,4.2,3.3,.065,-2.6,2.1,-0.5,0.9,Forward,robintr01
Larry Bird,1982-83,26,BOS,NBA,15.7,79,79,2982,24.1,.052,.282,7.0,24.2,22.4,2.3,1.3,12.6,25.0,115,98,8.4,5.6,14.0,.225,4.7,2.9,7.6,7.2,Forward,birdla01
Pat Cummings,1982-83,26,DAL,NBA,15.5,81,71,2317,14.6,.001,.223,10.3,21.0,8.4,1.1,0.8,14.4,19.2,106,108,2.5,1.5,4.0,.084,0.0,-0.7,-0.7,0.8,Forward,cummipa01
Bill Garnett,1982-83,22,DAL,NBA,15.5,75,13,1411,15.0,.009,.545,10.6,20.6,9.0,1.6,2.7,17.0,13.4,117,106,2.6,1.3,3.9,.133,0.6,1.4,2.1,1.5,Forward,garnebi02
James Bailey,1982-83,25,TOT,NBA,14.4,75,39,1765,15.6,.001,.416,9.8,19.6,6.0,1.1,1.9,17.6,25.2,99,106,0.6,1.4,2.0,.055,-1.7,-1.5,-3.1,-0.5,Forward,baileja01
Earl Cureton,1982-83,25,PHI,NBA,14.4,73,3,987,8.1,.000,.260,9.4,19.0,5.5,1.8,1.3,20.9,14.6,87,99,-0.9,1.7,0.8,.041,-3.9,1.5,-2.4,-0.1,Forward,curetea01
Dwight Jones,1982-83,30,TOT,NBA,14.4,81,2,1164,9.2,.003,.378,7.9,20.6,6.7,1.2,1.0,21.0,16.1,93,106,-0.4,1.1,0.6,.027,-3.9,-0.6,-4.4,-0.7,Forward,jonesdw01
Elvin Hayes,1982-83,37,HOU,NBA,14.3,81,43,2302,14.7,.004,.322,8.7,20.7,10.4,1.0,2.0,16.4,21.1,98,107,0.6,1.8,2.4,.050,-1.5,0.2,-1.3,0.4,Forward,hayesel01
Edgar Jones,1982-83,26,TOT,NBA,14.3,77,28,1658,13.9,.019,.597,8.7,19.9,6.9,1.2,3.5,19.4,17.7,104,103,1.4,2.0,3.4,.098,-1.8,0.8,-1.0,0.4,Forward,jonesed01
Greg Kelser,1982-83,25,SEA,NBA,14.3,80,9,1507,14.7,.007,.571,11.7,16.6,8.6,1.6,1.2,20.9,18.9,106,102,1.7,2.1,3.9,.123,0.0,0.8,0.8,1.1,Forward,kelsegr01
Kenny Carr,1982-83,27,POR,NBA,14.2,82,26,2331,13.7,.008,.510,8.7,19.7,6.9,1.3,1.0,17.4,18.5,105,103,2.3,2.8,5.1,.106,-0.7,0.3,-0.4,0.9,Forward,carrke01
Jeff Cook,1982-83,26,TOT,NBA,14.1,75,22,1333,11.3,.010,.342,10.1,18.2,10.1,1.4,1.3,23.1,14.1,100,103,0.5,1.7,2.2,.078,-1.9,1.5,-0.5,0.5,Forward,cookje01
Sam Williams,1982-83,23,GSW,NBA,13.9,75,28,1533,15.6,.002,.357,10.5,17.5,3.9,2.1,3.2,15.4,16.8,109,104,2.0,1.7,3.7,.117,-0.5,0.6,0.1,0.8,Forward,willisa02
Phil Hubbard,1982-83,26,CLE,NBA,13.7,82,38,1953,13.9,.003,.496,12.6,14.9,6.7,2.2,0.2,17.8,19.0,103,106,1.6,1.8,3.4,.084,-0.1,0.0,-0.1,0.9,Forward,hubbaph01
Glen Gondrezick,1982-83,27,DEN,NBA,13.5,76,2,1130,13.5,.010,.388,9.6,17.3,10.0,3.0,0.4,12.5,12.9,112,105,1.5,1.1,2.5,.108,0.2,0.8,1.0,0.9,Forward,gondrgl01
Larry Nance,1982-83,23,PHO,NBA,13.5,82,82,2914,18.7,.003,.268,9.5,17.1,9.7,1.6,4.2,13.7,19.4,111,98,4.8,5.6,10.5,.172,1.4,3.3,4.6,4.9,Forward,nancela01
Mickey Johnson,1982-83,30,TOT,NBA,13.3,78,16,2053,15.8,.039,.413,8.7,18.0,17.5,1.8,1.3,17.9,25.5,100,102,1.2,2.9,4.1,.095,-0.4,0.7,0.4,1.2,Forward,johnsmi01
George Johnson,1982-83,26,IND,NBA,12.8,82,64,2297,12.7,.044,.200,7.9,18.2,12.7,1.5,1.3,20.6,20.1,95,108,-0.4,1.4,1.0,.021,-1.6,-0.1,-1.7,0.2,Forward,johnsge03
Kevin McHale,1982-83,25,BOS,NBA,12.7,82,13,2345,17.6,.001,.301,9.9,15.4,6.1,0.7,4.5,13.6,19.6,111,102,4.1,3.4,7.5,.154,0.7,1.4,2.0,2.4,Forward,mchalke01
Gene Banks,1982-83,23,SAS,NBA,12.3,81,81,2722,16.7,.005,.303,9.2,15.1,13.7,1.3,0.4,14.1,17.7,116,107,5.9,2.0,7.9,.140,2.8,0.4,3.2,3.6,Forward,banksge01
Richard Anderson,1982-83,22,SDC,NBA,12.2,78,5,1274,10.4,.044,.160,9.2,15.6,12.1,2.1,1.2,16.8,16.9,94,108,-0.3,0.8,0.5,.017,-2.4,-0.2,-2.6,-0.2,Forward,anderri01
Michael Brooks,1982-83,24,SDC,NBA,12.1,82,26,2457,15.2,.018,.334,10.3,14.2,14.2,2.1,0.9,15.7,17.9,108,109,3.4,1.3,4.7,.091,1.4,0.2,1.5,2.2,Forward,brookmi01
Calvin Natt,1982-83,26,POR,NBA,11.7,80,80,2879,19.0,.017,.361,8.3,15.1,9.1,1.0,0.6,12.9,22.3,115,106,7.1,2.7,9.8,.164,2.7,-0.7,2.1,3.0,Forward,nattca01
Jay Vincent,1982-83,23,DAL,NBA,11.7,81,73,2726,17.1,.002,.270,8.4,15.1,11.1,1.2,0.9,11.7,23.4,109,109,4.8,1.2,6.0,.105,1.7,-1.1,0.5,1.8,Forward,vinceja01
Ray Tolbert,1982-83,24,TOT,NBA,11.5,73,2,1107,9.8,.010,.328,7.0,15.9,5.9,1.1,2.2,18.8,15.8,94,103,-0.3,1.3,1.1,.047,-3.5,0.4,-3.1,-0.3,Forward,tolbera01
Ben Poquette,1982-83,27,UTA,NBA,11.4,75,50,2331,13.4,.007,.317,7.0,15.6,9.6,1.2,2.5,11.2,15.0,108,104,2.5,2.5,5.0,.103,-0.8,1.4,0.6,1.6,Forward,poquebe01
James Worthy,1982-83,21,LAL,NBA,11.2,77,1,1970,17.4,.005,.286,9.2,13.0,8.6,2.1,1.7,17.0,21.0,109,105,3.0,2.1,5.1,.125,1.4,0.0,1.5,1.7,Forward,worthja01
Tom Chambers,1982-83,23,SDC,NBA,11.1,79,79,2665,15.1,.007,.444,8.6,14.0,10.0,1.4,1.3,15.1,22.6,105,110,3.3,1.0,4.3,.077,0.4,-1.2,-0.8,0.8,Forward,chambto01
Russ Schoene,1982-83,22,TOT,NBA,11.1,77,7,1222,10.9,.009,.191,8.4,13.7,6.4,1.0,1.0,14.7,17.8,101,106,0.6,1.1,1.7,.066,-1.9,-1.1,-3.0,-0.3,Forward,schoeru01
Terry Tyler,1982-83,26,DET,NBA,11.0,82,56,2543,15.1,.017,.223,7.2,15.0,8.3,1.8,3.3,11.0,16.5,107,103,2.8,3.1,5.8,.110,-0.4,1.8,1.3,2.1,Forward,tylerte01
Danny Vranes,1982-83,24,SEA,NBA,11.0,82,73,2054,10.6,.002,.487,9.6,12.3,7.3,1.2,1.3,16.4,12.1,108,104,1.9,2.3,4.2,.099,-0.5,1.5,1.1,1.6,Forward,vraneda01
Alvin Scott,1982-83,27,PHO,NBA,10.9,81,9,1139,11.8,.008,.425,6.1,15.2,10.8,2.0,1.5,17.2,13.3,106,99,0.9,2.0,2.9,.121,-2.0,2.0,0.0,0.6,Forward,scottal01
Marc Iavaroni,1982-83,26,PHI,NBA,10.8,80,77,1612,7.3,.006,.320,8.0,13.3,6.4,0.9,1.5,24.8,13.2,92,103,-0.6,2.1,1.5,.045,-2.7,1.4,-1.3,0.3,Forward,iavarma01
Marques Johnson,1982-83,26,MIL,NBA,10.8,80,80,2853,21.1,.014,.253,7.9,13.5,20.3,1.7,1.1,11.0,25.7,111,102,6.6,4.1,10.7,.180,3.9,0.9,4.8,4.9,Forward,johnsma01
Julius Erving,1982-83,32,PHI,NBA,10.7,72,72,2421,23.1,.006,.372,7.9,13.3,16.5,2.2,3.0,12.6,25.5,115,99,6.8,4.1,10.9,.217,4.0,2.4,6.3,5.1,Forward,ervinju01
Albert King,1982-83,23,NJN,NBA,10.5,79,75,2447,15.6,.019,.185,7.3,13.6,18.2,1.8,1.0,15.6,25.2,101,100,1.7,3.9,5.7,.112,0.2,0.9,1.1,1.9,Forward,kingal01
Mark Olberding,1982-83,26,CHI,NBA,10.5,80,31,1817,11.0,.023,.475,6.4,14.7,9.6,1.2,0.3,19.4,16.7,103,109,1.3,1.0,2.3,.060,-1.5,-0.9,-2.3,-0.1,Forward,olberma01
Bobby Jones,1982-83,31,PHI,NBA,10.4,74,0,1749,16.4,.002,.452,6.4,14.0,10.6,2.3,2.9,16.5,15.0,117,99,3.3,3.1,6.4,.175,1.2,3.3,4.5,2.8,Forward,jonesbo01
Mike Mitchell,1982-83,27,SAS,NBA,10.4,80,79,2803,16.9,.002,.215,7.6,13.1,5.1,0.9,1.0,7.9,22.7,113,108,5.9,1.7,7.6,.131,1.1,-1.9,-0.8,0.9,Forward,mitchmi01
Lonnie Shelton,1982-83,27,SEA,NBA,10.3,82,79,2572,12.7,.007,.204,6.9,13.4,12.5,1.4,1.5,14.7,18.2,102,103,1.6,3.2,4.8,.090,-0.5,1.5,1.0,1.9,Forward,sheltlo01
Charles Davis,1982-83,24,WSB,NBA,10.2,74,10,1161,13.1,.019,.167,7.8,12.5,10.2,1.3,1.1,13.7,23.7,95,101,-0.3,1.8,1.5,.061,-2.3,-0.2,-2.5,-0.1,Forward,davisch02
Alex English,1982-83,29,DEN,NBA,10.2,82,82,2988,24.1,.006,.264,8.9,11.5,19.5,1.7,2.1,11.3,28.9,113,109,8.7,1.6,10.3,.166,5.3,-0.6,4.7,5.0,Forward,englial01
Reggie Johnson,1982-83,25,TOT,NBA,10.1,79,8,1541,10.5,.008,.255,7.6,12.7,6.0,0.8,1.6,15.5,16.9,102,105,0.9,1.5,2.4,.074,-1.8,-0.3,-2.1,-0.1,Forward,johnsre01
Cedric Maxwell,1982-83,27,BOS,NBA,10.1,79,71,2252,14.7,.002,.520,8.9,11.2,10.5,1.3,1.0,16.8,17.0,113,104,4.0,2.5,6.6,.140,1.2,0.7,1.9,2.2,Forward,maxwece01
Greg Ballard,1982-83,28,WSB,NBA,9.9,78,78,2840,16.8,.029,.183,4.7,15.2,14.8,2.3,0.5,10.2,22.4,104,99,2.8,5.1,7.9,.133,0.7,2.0,2.8,3.4,Forward,ballagr01
Mark Aguirre,1982-83,23,DAL,NBA,9.8,81,75,2784,20.5,.048,.371,7.3,12.5,18.2,1.3,0.5,12.4,30.0,108,110,5.9,1.0,6.9,.118,3.6,-2.0,1.7,2.6,Forward,aguirma01
Dominique Wilkins,1982-83,23,ATL,NBA,9.4,82,82,2697,16.6,.009,.276,8.9,9.9,7.7,1.5,1.3,11.6,23.9,104,104,2.9,2.9,5.8,.103,1.0,-0.3,0.7,1.8,Forward,wilkido01
Eddie Johnson,1982-83,23,KCK,NBA,9.2,82,82,2933,15.9,.052,.231,7.0,11.4,10.4,1.1,0.4,10.7,22.2,110,107,5.3,2.1,7.4,.121,1.7,-1.0,0.8,2.1,Forward,johnsed03
Rod Higgins,1982-83,23,CHI,NBA,8.9,82,42,2196,12.7,.059,.378,7.7,10.1,10.7,1.4,1.6,13.5,16.6,108,109,2.7,1.2,3.8,.083,0.0,-0.1,-0.1,1.1,Forward,higgiro01
Wally Walker,1982-83,28,HOU,NBA,8.9,82,59,2251,10.1,.005,.144,6.1,12.0,12.9,0.8,0.5,14.4,17.8,94,111,-0.5,0.7,0.1,.002,-2.3,-0.9,-3.2,-0.7,Forward,walkewa01
Scott Wedman,1982-83,30,TOT,NBA,8.8,75,35,1793,12.7,.041,.136,6.0,11.7,10.2,1.1,0.5,13.1,22.1,100,107,0.9,1.3,2.2,.058,-0.6,-1.0,-1.6,0.2,Forward,wedmasc01
Rudy Macklin,1982-83,24,ATL,NBA,8.6,73,20,1171,10.9,.011,.364,7.7,9.5,8.6,1.7,0.5,17.6,18.0,100,105,0.5,1.2,1.8,.073,-1.5,-0.1,-1.6,0.1,Forward,macklru01
M.L. Carr,1982-83,32,BOS,NBA,8.3,77,0,883,9.7,.060,.257,6.2,10.4,10.3,2.5,0.6,18.4,19.1,93,102,-0.4,1.2,0.8,.046,-2.8,0.2,-2.6,-0.1,Forward,carrml01
Louis Orr,1982-83,24,NYK,NBA,8.0,82,14,1666,13.3,.003,.295,6.5,9.6,8.5,1.9,0.9,12.2,19.5,103,101,1.4,2.5,3.8,.111,-1.0,0.8,-0.2,0.8,Forward,orrlo01
Kiki Vandeweghe,1982-83,24,DEN,NBA,7.6,82,79,2909,21.8,.033,.364,4.3,10.9,9.8,1.0,0.7,9.0,24.9,122,111,10.5,0.6,11.0,.182,4.5,-2.8,1.6,2.7,Forward,vandeki01
Jamaal Wilkes,1982-83,29,LAL,NBA,7.4,80,80,2552,17.6,.005,.208,6.6,8.2,9.7,1.2,0.4,9.6,24.1,114,109,6.1,1.3,7.4,.139,2.1,-2.4,-0.3,1.1,Forward,wilkeja01
Junior Bridgeman,1982-83,29,MIL,NBA,7.3,70,5,1855,16.1,.015,.229,2.7,11.4,17.1,1.0,0.3,11.5,23.7,107,104,2.7,2.1,4.8,.125,0.4,-1.2,-0.8,0.6,Forward,bridgju01
Joe Bryant,1982-83,28,HOU,NBA,7.2,81,56,2055,10.4,.047,.215,4.3,10.5,13.3,1.9,0.8,17.4,19.8,92,109,-1.2,1.1,0.0,-.001,-2.5,-0.4,-2.9,-0.5,Forward,bryanjo01
Marty Byrnes,1982-83,26,IND,NBA,7.2,80,12,1436,9.6,.070,.254,5.4,9.2,15.1,1.3,0.2,14.9,13.4,103,112,0.8,0.2,1.0,.034,-1.7,-1.6,-3.3,-0.5,Forward,byrnema01
Terry Teagle,1982-83,22,HOU,NBA,6.1,73,44,1708,10.3,.037,.161,4.4,8.0,13.5,1.5,0.6,14.2,22.7,91,110,-1.4,0.6,-0.8,-.022,-2.7,-1.8,-4.5,-1.1,Forward,teaglte01
Dennis Rodman,1994-95,33,SAS,NBA,29.7,49,26,1568,16.6,.008,.463,20.8,37.8,8.5,1.0,1.0,25.3,10.9,120,100,2.6,3.2,5.8,.178,0.7,3.1,3.8,2.3,Forward,rodmade01
Jayson Williams,1994-95,26,NJN,NBA,23.7,75,6,982,16.2,.015,.378,19.9,27.5,6.1,1.4,2.3,13.5,19.5,104,104,0.5,1.6,2.1,.102,-2.3,-0.1,-2.5,-0.1,Forward,willija01
Tyrone Hill,1994-95,26,CLE,NBA,19.9,70,67,2397,16.8,.001,.572,13.6,26.7,4.2,1.3,1.4,14.8,20.4,109,102,2.7,4.2,6.9,.138,-1.5,0.4,-1.1,0.5,Forward,hillty01
Shawn Kemp,1994-95,25,SEA,NBA,19.8,82,79,2679,21.7,.007,.587,14.4,25.0,8.8,1.9,3.5,17.1,24.4,115,102,5.9,4.7,10.6,.190,1.4,1.8,3.1,3.5,Forward,kempsh01
Popeye Jones,1994-95,24,DAL,NBA,19.1,80,80,2385,13.8,.014,.148,14.1,24.7,10.5,0.7,0.8,12.2,17.6,105,109,1.5,2.2,3.6,.073,-1.5,0.3,-1.2,0.5,Forward,jonespo01
Dale Davis,1994-95,25,IND,NBA,17.9,74,70,2346,16.1,.002,.450,13.6,22.1,4.0,1.6,3.8,15.2,15.9,111,102,2.6,4.3,6.8,.140,-0.4,2.6,2.3,2.5,Forward,davisda01
Karl Malone,1994-95,31,UTA,NBA,17.4,82,82,3126,25.1,.026,.449,6.6,27.2,16.4,2.1,2.2,11.3,30.3,115,101,8.1,5.8,13.8,.212,3.2,2.6,5.8,6.1,Forward,malonka01
Michael Cage,1994-95,33,CLE,NBA,17.3,82,21,2040,13.5,.006,.259,12.1,22.8,4.5,1.7,2.6,12.9,10.2,115,102,2.1,3.7,5.8,.137,-2.0,3.1,1.1,1.6,Forward,cagemi01
Terry Cummings,1994-95,33,SAS,NBA,16.8,76,20,1273,13.3,.000,.265,12.9,20.4,7.3,1.4,1.0,15.5,21.2,100,104,0.1,1.9,2.0,.076,-2.7,0.1,-2.6,-0.2,Forward,cummite01
Michael Smith,1994-95,22,SAC,NBA,16.3,82,0,1736,13.5,.005,.645,11.9,20.6,6.1,1.8,2.1,16.9,16.1,105,103,0.9,2.8,3.7,.101,-1.9,1.8,-0.1,0.8,Forward,smithmi02
Adam Keefe,1994-95,24,UTA,NBA,16.1,75,0,1270,15.1,.000,.581,14.0,18.0,3.5,1.5,1.6,14.2,15.6,120,106,2.4,1.7,4.1,.154,0.6,0.2,0.8,0.9,Forward,keefead01
Derek Strong,1994-95,26,BOS,NBA,16.1,70,24,1344,12.5,.021,.523,11.5,20.8,4.7,0.9,0.7,16.3,15.6,110,110,1.4,1.1,2.4,.086,-1.9,-0.9,-2.7,-0.2,Forward,stronde01
Scott Williams,1994-95,26,PHI,NBA,15.9,77,43,1781,12.6,.016,.247,11.2,20.6,5.3,2.1,1.7,14.9,14.2,106,107,0.9,2.2,3.1,.084,-2.1,1.1,-1.1,0.4,Forward,willisc01
Anthony Avent,1994-95,25,ORL,NBA,15.7,71,3,1066,9.8,.000,.307,10.7,20.4,5.0,1.3,3.2,16.1,13.3,100,105,0.1,1.5,1.5,.069,-3.7,1.1,-2.7,-0.2,Forward,aventan01
Buck Williams,1994-95,34,POR,NBA,15.6,82,82,2422,13.6,.003,.339,11.2,20.4,4.7,1.4,2.1,14.6,14.2,112,105,2.5,3.6,6.1,.121,-1.3,1.8,0.6,1.6,Forward,willibu01
Lorenzo Williams,1994-95,25,DAL,NBA,15.6,82,81,2383,10.3,.000,.332,12.5,19.1,6.9,1.1,4.3,23.2,7.9,103,108,0.5,2.7,3.1,.063,-2.4,3.9,1.5,2.1,Forward,willilo01
Anthony Mason,1994-95,28,NYK,NBA,15.3,77,11,2496,14.9,.002,.588,8.9,21.2,15.0,1.5,0.6,16.2,14.0,119,102,4.2,4.4,8.6,.166,0.2,3.0,3.3,3.3,Forward,masonan01
Loy Vaught,1994-95,26,LAC,NBA,15.3,80,79,2966,17.1,.028,.209,9.7,21.7,8.3,1.8,0.7,11.4,21.4,108,110,3.0,2.5,5.5,.089,0.0,-0.1,-0.1,1.4,Forward,vaughlo01
Brian Grant,1994-95,22,SAC,NBA,15.2,80,59,2289,16.5,.005,.449,10.7,19.5,7.4,1.1,3.8,14.4,22.0,106,104,1.9,3.4,5.3,.112,-1.4,1.6,0.2,1.3,Forward,grantbr01
Horace Grant,1994-95,29,ORL,NBA,15.2,74,74,2693,16.9,.011,.298,9.8,20.3,8.9,1.4,2.2,9.6,14.1,126,106,6.0,3.5,9.5,.169,1.6,1.9,3.5,3.7,Forward,grantho01
Otis Thorpe,1994-95,32,TOT,NBA,15.2,70,35,2096,16.4,.010,.413,11.1,19.2,8.6,1.0,1.0,14.1,19.5,113,107,3.2,2.4,5.6,.129,0.0,0.1,0.0,1.1,Forward,thorpot01
Vin Baker,1994-95,23,MIL,NBA,15.1,82,82,3361,16.6,.020,.352,10.0,20.6,15.1,1.3,2.6,13.5,21.6,106,109,2.7,3.1,5.8,.083,-0.1,1.7,1.6,3.1,Forward,bakervi01
A.C. Green,1994-95,31,PHO,NBA,14.3,82,52,2687,14.2,.206,.556,8.3,20.4,6.5,1.0,0.8,12.9,14.2,120,110,4.6,2.1,6.7,.120,0.6,0.2,0.7,1.9,Forward,greenac01
J.R. Reid,1994-95,26,SAS,NBA,14.2,81,37,1566,12.7,.005,.588,9.1,18.8,5.1,1.9,1.4,18.5,17.2,105,103,0.9,2.5,3.5,.106,-2.2,1.3,-1.0,0.4,Forward,reidjr01
Tom Hammonds,1994-95,27,DEN,NBA,13.9,70,5,956,14.7,.004,.681,7.1,20.4,6.0,0.6,1.1,14.2,18.6,116,109,1.7,0.9,2.6,.129,-1.7,-1.7,-3.5,-0.4,Forward,hammoto01
Greg Foster,1994-95,26,TOT,NBA,13.8,78,3,1144,10.1,.072,.349,9.1,18.4,5.6,0.7,1.8,16.2,17.4,100,110,0.1,0.9,1.0,.042,-4.0,-1.4,-5.4,-1.0,Forward,fostegr01
Armen Gilliam,1994-95,30,NJN,NBA,13.6,82,30,2472,18.1,.002,.433,8.5,18.7,7.2,1.4,2.5,12.4,21.8,111,107,3.6,3.0,6.6,.128,-0.7,0.6,-0.1,1.2,Forward,gilliar01
Christian Laettner,1994-95,25,MIN,NBA,13.6,81,80,2770,17.7,.043,.543,7.3,19.7,15.5,1.9,2.4,16.5,22.5,109,109,3.6,2.6,6.2,.108,0.5,1.3,1.8,2.7,Forward,laettch01
Sharone Wright,1994-95,22,PHI,NBA,13.5,79,49,2044,14.0,.010,.363,10.8,16.1,4.1,1.0,3.7,14.4,23.0,99,109,-0.2,1.9,1.7,.040,-3.3,-0.8,-4.1,-1.1,Forward,wrighsh01
Grant Long,1994-95,28,TOT,NBA,13.4,81,79,2641,14.4,.043,.454,8.2,18.8,8.0,2.2,1.0,15.3,17.4,108,104,2.3,4.2,6.6,.119,-1.6,1.8,0.2,1.5,Forward,longgr01
Terry Mills,1994-95,27,DET,NBA,13.0,72,69,2514,14.7,.305,.235,5.7,20.3,10.4,1.4,1.0,12.3,20.9,107,112,2.2,1.5,3.7,.071,0.0,-0.9,-0.8,0.8,Forward,millste01
Tom Gugliotta,1994-95,25,TOT,NBA,12.9,77,63,2568,15.2,.222,.301,7.3,18.5,18.0,2.6,1.7,16.6,19.4,102,108,0.8,2.7,3.5,.065,0.0,2.0,2.0,2.6,Forward,guglito01
Billy Owens,1994-95,25,MIA,NBA,12.8,70,60,2296,15.6,.027,.382,10.2,15.6,17.3,1.8,1.0,17.6,22.3,103,109,1.2,2.1,3.2,.067,0.2,0.9,1.1,1.8,Forward,owensbi01
Tony Massenburg,1994-95,27,LAC,NBA,12.6,80,50,2127,11.7,.005,.391,8.3,17.5,4.9,1.1,2.0,14.3,16.8,103,111,0.8,1.4,2.2,.049,-3.1,-0.3,-3.4,-0.8,Forward,masseto01
David Benoit,1994-95,26,UTA,NBA,12.5,71,67,1841,13.9,.196,.267,6.9,17.6,4.7,1.3,2.1,10.3,18.0,112,106,2.3,2.4,4.6,.121,0.0,0.5,0.5,1.2,Forward,benoida01
Scottie Pippen,1994-95,29,CHI,NBA,12.5,79,79,3014,22.6,.239,.333,6.9,18.2,22.8,4.0,2.2,15.2,26.3,110,98,5.1,6.7,11.8,.188,3.8,4.0,7.8,7.4,Forward,pippesc01
Marty Conlon,1994-95,27,MIL,NBA,12.4,82,3,2064,13.6,.045,.300,9.1,16.0,9.0,1.1,0.6,14.4,18.3,108,112,2.0,1.2,3.1,.073,-0.9,-1.0,-1.9,0.1,Forward,conloma01
Hot Rod Williams,1994-95,32,CLE,NBA,12.0,74,73,2641,14.6,.006,.353,7.9,16.3,13.2,1.8,3.1,13.7,19.7,102,103,0.9,4.4,5.3,.096,-1.5,3.3,1.8,2.5,Forward,williho01
Donyell Marshall,1994-95,21,TOT,NBA,11.3,72,31,2086,12.5,.277,.253,7.6,15.0,8.6,1.1,3.0,10.6,22.9,96,112,-0.9,1.2,0.3,.007,-2.2,-0.7,-2.9,-0.5,Forward,marshdo01
Ken Norman,1994-95,30,ATL,NBA,11.2,74,27,1879,14.8,.333,.164,6.2,16.5,9.2,1.0,0.8,9.5,24.5,103,107,0.9,2.2,3.2,.081,-0.5,-1.7,-2.2,-0.1,Forward,normake01
Bo Outlaw,1994-95,23,LAC,NBA,11.1,81,31,1655,13.3,.015,.572,8.1,14.6,7.6,2.8,6.7,16.1,12.7,102,106,0.3,2.2,2.5,.071,-2.8,4.8,2.0,1.7,Forward,outlabo01
P.J. Brown,1994-95,25,NJN,NBA,10.8,80,63,2466,12.1,.042,.363,7.9,13.7,8.6,1.5,3.8,10.8,13.2,108,107,1.7,2.9,4.6,.090,-1.7,3.0,1.3,2.0,Forward,brownpj01
Rodney Rogers,1994-95,23,DEN,NBA,10.8,80,77,2142,15.2,.192,.358,7.6,13.8,12.5,2.3,1.6,16.3,22.4,105,107,1.5,2.4,3.9,.088,0.4,0.5,0.9,1.6,Forward,rogerro01
Tom Chambers,1994-95,35,UTA,NBA,10.7,81,4,1240,12.5,.056,.316,7.0,14.1,8.9,1.0,2.0,9.7,19.7,108,108,1.2,1.4,2.5,.098,-1.4,-0.1,-1.5,0.2,Forward,chambto01
Larry Johnson,1994-95,25,CHH,NBA,10.7,81,81,3234,17.1,.172,.290,7.3,13.8,19.4,1.3,0.6,13.1,22.6,111,108,4.9,3.6,8.5,.126,2.1,0.8,2.9,4.0,Forward,johnsla02
Sam Mitchell,1994-95,31,IND,NBA,10.7,81,12,1377,13.4,.024,.421,8.5,12.7,7.3,1.7,1.1,9.9,18.1,113,106,2.0,1.7,3.7,.130,-0.6,0.2,-0.5,0.5,Forward,mitchsa01
Detlef Schrempf,1994-95,32,SEA,NBA,10.5,82,82,2886,20.3,.182,.523,5.7,15.1,16.4,1.6,0.9,12.6,21.0,127,108,9.8,3.1,12.9,.215,4.2,0.3,4.5,4.7,Forward,schrede01
Glenn Robinson,1994-95,22,MIL,NBA,10.4,80,76,2958,16.6,.190,.354,6.7,14.4,12.2,2.0,0.6,16.1,29.1,102,111,1.1,2.2,3.2,.053,0.1,-1.2,-1.1,0.7,Forward,robingl01
Chris Morris,1994-95,29,NJN,NBA,10.3,71,49,2131,15.5,.370,.228,9.3,11.4,12.0,2.1,1.7,11.1,21.8,106,108,1.8,2.2,4.0,.090,1.6,0.4,2.0,2.2,Forward,morrich01
Clarence Weatherspoon,1994-95,24,PHI,NBA,10.3,76,76,2991,15.2,.017,.305,5.6,15.0,12.8,2.0,1.7,12.0,23.8,101,109,0.7,2.9,3.6,.057,-1.3,0.7,-0.6,1.1,Forward,weathcl01
John Salley,1994-95,30,MIA,NBA,10.1,75,50,1955,11.4,.000,.524,6.5,13.8,9.1,1.2,3.3,16.6,13.2,111,109,1.9,1.7,3.6,.089,-1.5,1.9,0.4,1.2,Forward,sallejo01
Toni Kukoc,1994-95,26,CHI,NBA,10.0,81,55,2584,19.8,.205,.325,7.1,13.0,23.4,2.1,0.5,13.0,21.9,118,105,6.3,3.6,10.0,.185,3.6,0.7,4.3,4.1,Forward,kukocto01
Sam Perkins,1994-95,33,SEA,NBA,10.0,82,37,2356,16.2,.462,.363,4.9,14.9,8.3,1.5,1.5,8.2,17.2,126,108,5.9,2.6,8.5,.173,2.8,-0.2,2.6,2.7,Forward,perkisa01
David Wood,1994-95,30,GSW,NBA,10.0,78,13,1336,10.3,.279,.359,6.8,13.2,7.0,1.0,0.7,12.3,13.6,115,114,1.7,0.5,2.2,.078,-1.0,-1.0,-2.0,0.0,Forward,woodda01
Antoine Carr,1994-95,33,UTA,NBA,9.9,78,4,1677,13.9,.007,.368,6.4,13.0,6.2,0.7,3.3,12.1,19.5,113,108,2.4,1.9,4.3,.123,-0.6,0.5,-0.1,0.8,Forward,carran01
Grant Hill,1994-95,22,DET,NBA,9.7,70,69,2678,19.0,.025,.480,5.4,14.1,22.5,2.4,1.7,13.5,24.9,109,111,3.7,1.8,5.4,.097,1.2,0.6,1.8,2.6,Forward,hillgr01
Dominique Wilkins,1994-95,35,BOS,NBA,9.5,77,64,2423,16.3,.247,.291,7.4,11.8,11.5,1.3,0.4,11.6,26.6,107,113,2.6,1.3,3.9,.076,1.4,-1.9,-0.5,0.9,Forward,wilkido01
Stacey Augmon,1994-95,26,ATL,NBA,9.1,76,76,2362,16.0,.030,.395,7.6,10.7,14.3,2.3,1.5,12.9,22.7,106,106,1.9,3.2,5.1,.103,-0.8,1.2,0.4,1.4,Forward,augmost01
Harvey Grant,1994-95,29,POR,NBA,9.1,75,14,1771,13.2,.042,.235,6.3,12.1,7.1,1.6,2.2,8.3,17.8,109,106,1.7,2.2,4.0,.108,-1.6,0.9,-0.7,0.6,Forward,grantha01
Reggie Williams,1994-95,30,DEN,NBA,9.0,74,70,2198,16.9,.314,.206,5.3,12.5,17.6,2.7,2.2,11.8,21.5,111,107,3.1,2.7,5.8,.126,2.2,1.2,3.5,3.0,Forward,willire01
Clifford Robinson,1994-95,28,POR,NBA,8.8,75,73,2725,18.3,.290,.289,6.0,11.8,12.2,1.5,2.2,9.6,25.5,113,107,5.4,3.3,8.7,.153,2.9,0.2,3.1,3.5,Forward,robincl02
Charles Smith,1994-95,29,NYK,NBA,8.8,76,58,2150,13.9,.041,.431,8.2,9.5,9.4,1.2,3.3,14.2,22.1,106,105,1.7,3.1,4.8,.107,-1.6,1.4,-0.2,1.0,Forward,smithch01
Donald Royal,1994-95,28,ORL,NBA,8.7,70,68,1841,12.2,.009,.689,5.3,11.8,14.2,1.2,0.6,18.1,16.1,111,110,2.2,1.4,3.6,.094,-1.0,-0.3,-1.3,0.3,Forward,royaldo01
Tony Campbell,1994-95,32,CLE,NBA,8.5,78,0,1128,12.9,.107,.406,6.4,10.6,11.1,1.6,0.6,12.3,22.4,105,107,0.7,1.4,2.1,.089,-2.1,-0.9,-2.9,-0.3,Forward,campbto01
Derrick McKey,1994-95,28,IND,NBA,8.5,81,81,2805,15.0,.107,.357,5.5,11.4,16.2,2.4,1.4,14.8,18.5,111,105,3.6,3.9,7.4,.127,1.2,2.2,3.5,3.9,Forward,mckeyde01
Chris Mills,1994-95,25,CLE,NBA,8.1,80,79,2814,11.6,.281,.249,4.3,12.2,9.7,1.2,1.0,11.2,18.2,106,107,2.0,3.4,5.4,.091,-0.6,0.6,0.0,1.4,Forward,millsch01
Lamond Murray,1994-95,21,LAC,NBA,8.1,81,61,2556,11.6,.199,.242,5.7,10.9,8.7,1.4,1.6,11.9,23.4,95,113,-1.4,1.1,-0.3,-.006,-2.4,-1.3,-3.8,-1.1,Forward,murrala01
Rafael Addison,1994-95,30,DET,NBA,8.0,79,16,1776,11.3,.142,.169,4.4,11.6,9.9,1.5,1.0,10.8,17.8,105,114,0.9,0.6,1.5,.040,-1.9,-1.5,-3.4,-0.6,Forward,addisra01
Nick Anderson,1994-95,27,ORL,NBA,7.4,76,76,2588,17.5,.467,.220,3.9,10.7,17.4,2.4,0.6,12.2,19.1,119,108,5.7,2.6,8.3,.154,4.0,-0.2,3.9,3.8,Forward,anderni01
Glen Rice,1994-95,27,MIA,NBA,7.4,82,82,3014,19.7,.321,.260,3.8,11.1,11.1,1.9,0.4,8.9,25.2,118,111,7.9,2.1,10.0,.159,4.3,-1.6,2.7,3.6,Forward,ricegl01
Walt Williams,1994-95,24,SAC,NBA,7.3,77,77,2739,15.0,.297,.365,4.3,10.2,19.3,2.3,1.7,17.3,22.7,104,106,1.6,3.4,5.1,.089,1.1,1.4,2.5,3.1,Forward,williwa02
Chuck Person,1994-95,30,SAS,NBA,7.2,81,1,2033,11.5,.593,.136,2.9,11.1,7.9,1.1,0.4,11.4,19.4,107,108,1.5,2.1,3.6,.085,1.0,-1.1,-0.2,0.9,Forward,persoch01
Danny Ferry,1994-95,28,CLE,NBA,6.9,82,6,1290,16.0,.466,.168,2.8,11.3,14.4,1.2,1.4,9.9,22.2,114,107,2.3,1.5,3.9,.144,1.9,-1.3,0.6,0.8,Forward,ferryda01
Jamal Mashburn,1994-95,22,DAL,NBA,6.0,80,80,2980,17.3,.220,.386,4.0,8.2,17.2,1.4,0.2,11.4,28.6,110,113,5.0,1.3,6.3,.102,2.4,-2.4,0.0,1.5,Forward,mashbja01
Kevin Gamble,1994-95,29,MIA,NBA,5.8,77,0,1223,16.3,.218,.247,2.7,9.1,15.9,2.2,0.6,8.9,19.8,118,111,2.5,0.9,3.4,.134,1.3,-1.5,-0.2,0.5,Forward,gamblke01
Sean Elliott,1994-95,26,SAS,NBA,5.7,81,81,2858,16.0,.311,.377,2.6,8.5,11.3,1.4,0.9,10.8,21.6,116,108,5.8,2.9,8.7,.147,2.4,-0.3,2.1,2.9,Forward,elliose01
Johnny Newman,1994-95,31,MIL,NBA,5.5,82,11,1896,10.4,.262,.350,4.4,6.6,7.5,1.9,0.5,13.2,15.2,111,113,1.9,0.8,2.8,.070,-0.6,-1.0,-1.7,0.2,Forward,newmajo01
Kenneth Faried,2016-17,27,DEN,NBA,19.6,61,34,1296,20.3,.014,.455,15.5,23.6,6.3,1.6,2.4,10.4,18.2,123,110,3.3,1.2,4.6,.169,0.9,-0.1,0.8,0.9,Forward,farieke01
Kevin Love,2016-17,28,CLE,NBA,19.5,60,60,1885,21.1,.449,.340,8.9,29.3,9.8,1.4,0.9,10.9,26.4,114,107,4.0,2.4,6.4,.163,1.7,-0.9,0.8,1.3,Forward,loveke01
Kyle O'Quinn,2016-17,26,NYK,NBA,19.2,79,8,1229,20.5,.041,.201,13.7,24.8,14.8,1.5,6.9,14.5,18.6,114,105,2.1,1.8,3.9,.151,-0.1,3.7,3.5,1.7,Forward,oquinky01
Zach Randolph,2016-17,35,MEM,NBA,19.1,73,5,1786,18.5,.098,.200,11.3,27.4,13.5,1.1,0.5,8.6,29.2,103,106,0.8,2.4,3.2,.086,-1.4,-0.7,-2.1,0.0,Forward,randoza01
Clint Capela,2016-17,22,HOU,NBA,18.5,65,59,1551,21.4,.000,.314,12.5,24.5,6.9,1.1,4.2,12.0,19.9,122,106,3.9,2.1,6.0,.185,0.0,1.0,1.0,1.2,Forward,capelca01
Willie Reed,2016-17,26,MIA,NBA,17.8,71,5,1031,17.1,.018,.309,13.7,22.0,3.9,0.9,3.6,8.7,15.3,122,105,2.1,1.5,3.6,.168,-1.3,0.7,-0.6,0.4,Forward,reedwi02
Pau Gasol,2016-17,36,SAS,NBA,17.4,64,39,1627,20.2,.172,.305,7.6,26.8,14.7,0.8,3.5,10.6,21.3,116,102,3.3,3.1,6.4,.189,0.9,2.8,3.7,2.4,Forward,gasolpa01
Anthony Davis,2016-17,23,NOP,NBA,17.3,75,75,2708,27.5,.088,.424,6.7,27.9,11.1,1.7,5.1,9.1,32.6,112,102,5.9,5.1,11.0,.196,1.4,2.3,3.7,3.9,Forward,davisan02
Trevor Booker,2016-17,29,BRK,NBA,17.2,71,43,1754,15.7,.132,.186,8.7,25.5,12.9,2.1,1.2,16.4,18.7,105,107,0.9,2.2,3.2,.086,-1.6,1.8,0.2,1.0,Forward,booketr01
Noah Vonleh,2016-17,21,POR,NBA,17.0,74,41,1265,10.8,.074,.348,11.4,22.5,3.4,1.2,1.7,17.1,13.1,106,110,0.6,1.2,1.8,.069,-3.5,-0.3,-3.9,-0.6,Forward,vonleno01
David Lee,2016-17,33,SAS,NBA,16.9,79,10,1477,18.4,.000,.269,11.6,21.9,13.0,1.1,2.2,14.9,16.9,120,103,3.2,2.5,5.7,.186,0.7,2.5,3.2,1.9,Forward,leeda02
Tristan Thompson,2016-17,25,CLE,NBA,16.9,78,78,2336,15.3,.007,.487,14.0,19.7,4.6,0.8,2.9,10.8,11.3,128,109,5.0,2.3,7.3,.150,0.0,1.5,1.5,2.0,Forward,thomptr01
Julius Randle,2016-17,22,LAL,NBA,16.3,74,73,2132,16.3,.081,.364,7.5,25.8,19.3,1.1,1.4,16.2,21.5,107,112,2.0,1.5,3.5,.079,-0.8,0.7,0.0,1.1,Forward,randlju01
Cristiano Felicio,2016-17,24,CHI,NBA,16.1,66,0,1040,15.2,.000,.419,12.8,19.5,5.7,1.2,1.2,11.2,12.4,126,107,2.1,1.3,3.4,.157,-0.6,0.5,-0.1,0.5,Forward,feliccr01
Bobby Portis,2016-17,21,CHI,NBA,15.9,64,13,1000,14.9,.256,.157,8.0,23.9,5.7,0.8,0.9,8.4,19.1,110,107,1.1,1.2,2.4,.114,-1.6,-1.5,-3.1,-0.3,Forward,portibo01
JaMychal Green,2016-17,26,MEM,NBA,14.8,77,75,2101,13.5,.288,.334,8.8,21.1,6.3,1.1,1.5,14.1,14.4,117,107,3.1,2.6,5.8,.131,-0.4,1.0,0.6,1.4,Forward,greenja01
Giannis Antetokounmpo,2016-17,22,MIL,NBA,14.3,80,80,2845,26.1,.143,.487,5.8,22.6,26.5,2.3,4.7,13.3,28.2,117,104,7.9,4.5,12.4,.210,4.1,3.5,7.6,6.9,Forward,antetgi01
Lavoy Allen,2016-17,27,IND,NBA,14.2,61,5,871,11.6,.006,.196,13.7,14.6,9.1,1.0,2.4,13.7,10.9,114,110,0.9,0.8,1.7,.093,-1.5,1.3,-0.3,0.4,Forward,allenla01
Al-Farouq Aminu,2016-17,26,POR,NBA,14.1,61,25,1773,11.3,.455,.292,4.8,23.5,7.9,1.7,2.0,15.2,15.4,100,108,-0.1,2.0,1.9,.051,-2.3,1.2,-1.1,0.4,Forward,aminual01
Larry Nance Jr.,2016-17,24,LAL,NBA,14.0,63,7,1442,15.8,.100,.222,8.8,19.6,9.7,2.8,2.3,12.4,13.4,117,109,2.1,1.5,3.5,.118,-0.3,2.3,2.0,1.5,Forward,nancela02
Willie Cauley-Stein,2016-17,23,SAC,NBA,13.8,75,21,1421,16.4,.004,.314,7.0,20.5,9.4,1.9,2.9,11.2,19.6,109,108,1.4,1.5,3.0,.100,-2.0,0.9,-1.1,0.3,Forward,caulewi01
Kevin Durant,2016-17,28,GSW,NBA,13.6,62,62,2070,27.6,.304,.374,2.2,23.6,23.2,1.5,3.8,10.4,27.8,125,101,8.0,4.0,12.0,.278,5.4,2.6,8.0,5.2,Forward,duranke01
Rondae Hollis-Jefferson,2016-17,22,BRK,NBA,13.6,78,50,1761,13.7,.124,.467,5.8,21.2,13.4,2.2,1.9,15.1,18.7,102,107,0.4,2.2,2.6,.070,-2.9,1.9,-1.0,0.4,Forward,holliro01
Jason Smith,2016-17,30,WAS,NBA,13.6,74,3,1068,13.6,.237,.155,6.8,20.4,5.0,1.0,4.3,14.2,16.7,110,108,1.0,1.3,2.3,.103,-2.0,0.6,-1.3,0.2,Forward,smithja02
Blake Griffin,2016-17,27,LAC,NBA,13.4,61,61,2076,22.6,.116,.434,6.1,20.2,24.5,1.4,0.9,10.9,28.0,115,108,5.4,2.4,7.7,.179,3.2,1.3,4.4,3.4,Forward,griffbl01
Dwight Powell,2016-17,25,DAL,NBA,13.4,77,3,1333,17.7,.196,.374,7.8,19.5,6.1,2.4,2.6,7.2,16.7,120,105,2.7,1.9,4.6,.166,-0.4,1.9,1.4,1.2,Forward,poweldw01
Draymond Green,2016-17,26,GSW,NBA,13.3,76,76,2471,16.5,.405,.328,4.6,20.9,27.6,3.0,3.4,19.8,16.2,111,99,2.8,5.4,8.2,.160,0.4,5.0,5.4,4.6,Forward,greendr01
Dario Saric,2016-17,22,PHI,NBA,13.3,81,36,2129,12.8,.368,.237,5.8,20.8,14.3,1.3,1.1,15.2,24.6,96,109,-1.2,2.2,1.0,.023,-2.0,-0.2,-2.2,-0.1,Forward,saricda01
Taj Gibson,2016-17,31,TOT,NBA,13.2,78,71,1989,15.1,.018,.223,8.6,18.0,5.9,1.1,2.6,11.9,19.3,107,107,1.6,2.5,4.0,.098,-2.4,0.3,-2.1,0.0,Forward,gibsota01
Michael Kidd-Gilchrist,2016-17,23,CHO,NBA,13.2,81,81,2349,14.2,.015,.314,7.2,19.3,7.4,1.7,2.9,7.4,14.6,113,106,2.7,3.1,5.8,.119,-2.1,2.2,0.2,1.3,Forward,kiddgmi01
David West,2016-17,36,GSW,NBA,13.0,68,0,854,16.5,.032,.222,6.4,18.8,24.1,2.4,4.4,22.2,18.0,109,100,0.9,1.7,2.6,.146,-1.8,3.9,2.2,0.9,Forward,westda01
Myles Turner,2016-17,20,IND,NBA,12.9,81,81,2541,18.4,.133,.348,6.2,19.5,6.6,1.5,6.0,9.5,19.6,115,105,4.3,3.7,7.9,.150,-0.3,2.6,2.4,2.8,Forward,turnemy01
Cody Zeller,2016-17,24,CHO,NBA,12.9,62,58,1725,16.7,.002,.442,8.6,17.3,9.1,1.8,3.0,10.9,15.5,121,107,3.4,2.2,5.6,.157,-0.2,2.3,2.1,1.8,Forward,zelleco01
Nene Hilario,2016-17,34,HOU,NBA,12.8,67,8,1198,18.9,.023,.496,8.6,16.9,8.6,2.2,2.7,13.1,19.7,118,106,2.5,1.6,4.1,.165,-0.4,0.9,0.5,0.8,Forward,hilarne01
LaMarcus Aldridge,2016-17,31,SAS,NBA,12.7,72,72,2335,18.6,.053,.258,8.6,16.6,9.9,1.0,3.1,7.7,24.5,111,104,3.5,3.7,7.3,.149,-0.3,1.4,1.1,1.8,Forward,aldrila01
LeBron James,2016-17,32,CLE,NBA,12.6,74,74,2794,27.0,.254,.395,4.0,20.7,41.3,1.6,1.3,16.1,30.0,119,108,9.8,3.0,12.9,.221,6.8,1.6,8.4,7.3,Forward,jamesle01
Amir Johnson,2016-17,29,BOS,NBA,12.6,80,77,1608,15.0,.178,.270,8.2,17.0,13.1,1.6,3.2,15.7,13.6,121,107,2.9,2.1,5.0,.150,-0.2,2.4,2.2,1.7,Forward,johnsam01
Wesley Johnson,2016-17,29,LAC,NBA,12.5,68,3,810,8.4,.585,.085,3.7,20.8,3.9,1.8,3.0,8.0,12.5,94,105,-0.3,1.2,0.9,.051,-3.4,1.6,-1.8,0.0,Forward,johnswe01
Paul Millsap,2016-17,31,ATL,NBA,12.5,69,67,2343,17.9,.248,.417,5.3,19.6,17.9,1.9,2.3,12.1,24.4,108,104,2.6,3.8,6.4,.132,0.5,2.1,2.7,2.7,Forward,millspa01
Matt Barnes,2016-17,36,TOT,NBA,12.4,74,18,1777,10.3,.556,.188,4.6,19.9,15.6,1.3,1.3,17.3,15.6,102,109,0.3,1.7,2.0,.053,-1.2,0.6,-0.6,0.6,Forward,barnema02
Ersan Ilyasova,2016-17,29,TOT,NBA,12.4,82,52,2142,14.6,.452,.233,5.9,18.8,10.9,1.3,0.9,10.5,22.2,107,108,1.8,2.3,4.1,.091,0.3,-0.7,-0.5,0.8,Forward,ilyaser01
Juan Hernangomez,2016-17,21,DEN,NBA,12.3,62,9,842,13.4,.502,.341,5.7,18.7,4.7,1.7,1.1,10.8,14.5,118,112,1.2,0.6,1.8,.104,-0.1,-1.2,-1.3,0.1,Forward,hernaju01
Jonas Jerebko,2016-17,29,BOS,NBA,12.3,78,6,1232,9.4,.496,.141,5.5,19.0,8.1,1.1,1.1,12.3,11.4,109,109,0.8,1.3,2.1,.082,-2.3,0.4,-1.9,0.0,Forward,jerebjo01
Nikola Mirotic,2016-17,25,CHI,NBA,12.3,70,15,1679,14.5,.603,.205,3.9,20.9,6.9,1.6,2.7,10.4,19.8,107,105,1.3,2.5,3.8,.108,0.0,0.5,0.4,1.0,Forward,mirotni01
Serge Ibaka,2016-17,27,TOT,NBA,12.2,79,79,2422,16.4,.323,.127,5.7,19.0,5.1,0.8,4.2,9.2,20.9,109,109,2.5,2.6,5.1,.101,-0.5,0.1,-0.4,1.0,Forward,ibakase01
Nemanja Bjelica,2016-17,28,MIN,NBA,12.0,65,1,1190,11.0,.497,.171,5.5,18.6,9.6,1.7,1.4,13.4,16.4,105,111,0.6,0.9,1.5,.059,-0.7,-0.4,-1.1,0.3,Forward,bjeline01
Marvin Williams,2016-17,30,CHO,NBA,11.9,76,76,2295,13.7,.503,.213,4.2,19.7,7.1,1.3,2.0,7.2,16.3,111,108,2.4,2.6,5.0,.105,-0.3,0.5,0.2,1.3,Forward,willima02
Kristaps Porzingis,2016-17,21,NYK,NBA,11.8,66,65,2164,17.4,.319,.256,5.5,18.1,7.3,1.1,4.9,9.7,24.3,108,109,2.4,2.1,4.5,.100,0.2,0.0,0.2,1.2,Forward,porzikr01
Trey Lyles,2016-17,21,UTA,NBA,11.7,71,4,1158,10.0,.465,.180,4.9,18.1,9.6,1.2,1.4,11.9,21.7,94,106,-0.9,1.6,0.8,.032,-2.9,-0.1,-3.0,-0.3,Forward,lylestr01
Markieff Morris,2016-17,27,WAS,NBA,11.7,76,76,2374,13.7,.220,.242,5.1,18.3,7.8,1.7,1.4,11.6,20.5,106,109,1.6,2.5,4.1,.083,-1.3,0.2,-1.1,0.5,Forward,morrima02
Wilson Chandler,2016-17,29,DEN,NBA,11.6,71,33,2197,15.0,.347,.206,5.3,17.8,9.9,1.2,1.1,10.0,22.0,109,113,2.4,1.1,3.6,.078,0.5,-1.3,-0.8,0.7,Forward,chandwi01
P.J. Tucker,2016-17,31,TOT,NBA,11.6,81,21,2236,10.5,.407,.193,5.6,17.8,6.0,2.5,0.7,11.2,11.2,109,109,1.4,2.2,3.6,.078,-0.7,1.6,0.9,1.6,Forward,tuckepj01
Kyle Anderson,2016-17,23,SAS,NBA,11.5,72,14,1020,12.5,.191,.273,3.7,19.0,12.4,2.5,2.1,14.3,12.1,109,101,0.7,2.0,2.7,.127,-2.1,3.7,1.6,0.9,Forward,anderky01
Robert Covington,2016-17,26,PHI,NBA,11.3,67,67,2119,13.2,.563,.238,4.8,17.9,7.5,2.9,2.6,13.9,19.2,100,105,0.0,3.2,3.1,.071,-0.7,2.0,1.4,1.8,Forward,covinro01
Jon Leuer,2016-17,27,DET,NBA,11.3,75,34,1944,14.2,.259,.175,5.5,17.5,8.6,0.8,1.1,8.7,17.3,113,109,2.5,2.0,4.5,.112,-0.4,0.5,0.2,1.1,Forward,leuerjo01
Thaddeus Young,2016-17,28,IND,NBA,11.3,74,74,2237,14.9,.172,.125,6.7,15.8,8.4,2.6,1.2,11.7,16.5,109,107,2.0,2.7,4.6,.100,0.0,1.5,1.5,2.0,Forward,youngth01
Montrezl Harrell,2016-17,23,HOU,NBA,11.2,58,14,1064,19.2,.020,.351,8.3,14.2,9.6,0.9,3.2,9.9,17.6,129,110,3.1,1.0,4.1,.183,0.8,0.2,0.9,0.8,Forward,harremo01
Otto Porter,2016-17,23,WAS,NBA,11.1,80,80,2605,17.3,.425,.148,5.1,17.1,6.7,2.2,1.3,4.8,15.1,129,108,6.5,2.9,9.4,.173,3.0,0.9,3.9,3.9,Forward,porteot01
Sam Dekker,2016-17,22,HOU,NBA,10.9,77,2,1419,13.0,.436,.159,7.2,14.6,7.7,1.3,1.2,8.2,14.9,115,110,1.9,1.2,3.1,.105,-0.4,-0.6,-1.1,0.3,Forward,dekkesa01
Marquese Chriss,2016-17,19,PHO,NBA,10.8,82,75,1743,12.3,.354,.286,5.8,16.1,5.2,1.8,3.2,13.2,19.7,102,110,0.3,1.5,1.8,.050,-1.6,0.0,-1.6,0.2,Forward,chrisma01
Mike Muscala,2016-17,25,ATL,NBA,10.6,70,3,1237,14.4,.326,.190,6.9,14.3,11.9,1.2,2.8,13.3,14.9,116,107,1.8,1.6,3.3,.130,-0.4,1.4,1.0,0.9,Forward,muscami01
Paul George,2016-17,26,IND,NBA,10.3,75,75,2689,20.2,.367,.277,2.5,17.9,16.1,2.2,0.9,12.6,28.9,109,108,4.0,3.1,7.1,.127,3.1,-0.3,2.8,3.2,Forward,georgpa01
Patrick Patterson,2016-17,27,TOR,NBA,10.3,65,8,1599,10.8,.659,.156,4.4,16.2,6.6,1.3,1.2,8.5,12.5,115,109,1.7,1.6,3.3,.100,0.5,0.4,0.9,1.2,Forward,pattepa01
Nicolas Batum,2016-17,28,CHO,NBA,10.1,77,77,2617,15.8,.416,.292,1.9,18.4,27.6,1.6,1.0,14.9,22.2,105,108,1.7,2.8,4.6,.084,0.7,0.6,1.2,2.1,Forward,batumni01
Jae Crowder,2016-17,26,BOS,NBA,9.9,72,72,2335,14.9,.547,.301,2.3,17.4,10.1,1.5,0.8,8.8,17.0,119,109,4.2,2.5,6.7,.137,1.4,0.1,1.5,2.1,Forward,crowdja01
James Ennis,2016-17,26,MEM,NBA,9.9,64,28,1501,10.6,.427,.343,5.1,14.9,6.5,1.6,1.2,13.8,13.0,112,108,1.4,1.7,3.1,.101,-1.0,1.0,0.0,0.8,Forward,ennisja01
James Johnson,2016-17,29,MIA,NBA,9.9,76,5,2085,17.0,.332,.280,3.5,16.6,20.9,1.8,3.2,16.5,22.0,107,105,1.9,3.2,5.1,.117,0.5,2.2,2.7,2.5,Forward,johnsja01
Kawhi Leonard,2016-17,25,SAS,NBA,9.8,74,74,2474,27.5,.294,.407,3.7,15.7,18.9,2.7,1.8,9.1,31.1,121,102,8.9,4.7,13.6,.264,6.4,1.5,7.9,6.2,Forward,leonaka01
Domantas Sabonis,2016-17,20,OKC,NBA,9.8,81,66,1632,6.9,.331,.139,3.0,16.5,7.2,1.2,1.6,14.0,15.4,93,108,-1.0,1.8,0.7,.022,-4.7,-0.1,-4.8,-1.2,Forward,sabondo01
Aaron Gordon,2016-17,21,ORL,NBA,9.6,80,72,2298,14.4,.309,.251,5.3,14.1,10.5,1.4,1.4,8.5,20.1,107,111,2.0,1.7,3.7,.076,-0.2,-0.4,-0.7,0.8,Forward,gordoaa01
Frank Kaminsky,2016-17,23,CHO,NBA,9.5,75,16,1954,13.1,.441,.195,3.2,15.9,13.5,1.2,1.6,8.0,21.8,102,109,0.4,1.9,2.3,.057,-0.8,-0.7,-1.5,0.3,Forward,kaminfr01
Carmelo Anthony,2016-17,32,NYK,NBA,9.3,74,74,2538,17.9,.302,.263,2.6,15.9,14.4,1.2,1.1,9.0,29.1,108,113,3.2,1.5,4.7,.089,1.5,-2.2,-0.7,0.8,Forward,anthoca01
Anthony Tolliver,2016-17,31,SAC,NBA,9.3,65,9,1477,11.1,.655,.234,4.0,14.5,7.7,1.1,1.2,12.6,13.6,113,113,1.5,0.8,2.3,.075,0.2,-0.8,-0.6,0.5,Forward,tollian01
Jaylen Brown,2016-17,20,BOS,NBA,9.1,78,20,1341,10.3,.319,.293,3.8,14.4,7.2,1.3,1.1,12.5,18.1,102,110,0.2,1.3,1.5,.053,-3.1,-0.9,-4.0,-0.7,Forward,brownja02
Kelly Oubre,2016-17,21,WAS,NBA,9.1,79,5,1605,9.1,.425,.224,4.3,13.9,4.0,1.8,0.9,9.2,14.5,105,110,0.6,1.4,2.1,.062,-1.8,-0.5,-2.3,-0.1,Forward,oubreke01
Trevor Ariza,2016-17,31,HOU,NBA,9.0,80,80,2773,12.3,.695,.158,2.1,15.9,8.8,2.5,0.6,8.0,14.1,112,108,2.7,3.2,6.0,.103,0.6,1.0,1.7,2.6,Forward,arizatr01
Jared Dudley,2016-17,31,PHO,NBA,9.0,64,7,1362,10.6,.587,.188,2.4,15.9,12.5,1.5,0.9,16.1,13.7,110,113,1.1,0.7,1.8,.065,-0.1,-0.1,-0.2,0.6,Forward,dudleja01
Gordon Hayward,2016-17,26,UTA,NBA,9.0,73,73,2516,22.2,.324,.371,2.3,15.4,18.2,1.5,0.6,9.4,27.6,118,106,7.1,3.3,10.4,.199,4.2,0.0,4.2,4.0,Forward,haywago01
T.J. Warren,2016-17,23,PHO,NBA,9.0,66,59,2048,15.6,.122,.189,6.5,11.7,5.8,1.8,1.5,6.1,19.2,113,113,3.0,1.1,4.1,.096,0.2,-0.5,-0.3,0.9,Forward,warretj01
Dante Cunningham,2016-17,29,NOP,NBA,8.9,66,35,1649,10.2,.504,.075,3.6,14.2,3.1,1.2,1.4,7.0,10.7,114,109,1.4,1.6,3.0,.088,-1.3,0.8,-0.5,0.6,Forward,cunnida01
Tobias Harris,2016-17,24,DET,NBA,8.8,82,48,2567,16.9,.295,.213,2.6,15.6,8.8,1.2,1.3,7.6,21.7,113,108,4.0,2.8,6.9,.128,1.1,0.1,1.2,2.1,Forward,harrito02
Taurean Waller-Prince,2016-17,22,ATL,NBA,8.8,59,10,981,9.7,.357,.329,2.8,14.6,8.4,2.2,2.4,15.9,17.3,96,105,-0.4,1.5,1.1,.052,-3.9,1.5,-2.4,-0.1,Forward,princta02
Ryan Anderson,2016-17,28,HOU,NBA,8.5,72,72,2116,13.6,.655,.194,5.8,11.2,4.7,0.7,0.5,6.1,17.9,119,113,4.1,1.1,5.2,.118,1.8,-2.6,-0.8,0.7,Forward,anderry01
Maurice Harkless,2016-17,23,POR,NBA,8.5,77,69,2223,13.2,.311,.199,6.2,10.8,6.0,1.9,2.5,11.1,15.1,112,110,2.4,1.9,4.2,.092,0.0,0.8,0.8,1.5,Forward,harklma01
Shabazz Muhammad,2016-17,24,MIN,NBA,8.5,78,1,1516,14.9,.244,.318,6.4,10.6,3.7,0.7,0.3,7.6,21.5,114,116,2.5,0.2,2.7,.086,-0.2,-4.3,-4.4,-0.9,Forward,muhamsh01
Danilo Gallinari,2016-17,28,DEN,NBA,8.4,63,63,2134,17.4,.433,.516,2.0,14.7,9.1,0.9,0.5,8.1,19.9,126,115,6.2,0.7,6.9,.155,2.9,-2.1,0.8,1.5,Forward,gallida01
DeMarre Carroll,2016-17,30,TOR,NBA,8.3,72,72,1882,11.9,.583,.213,3.8,12.7,5.7,2.2,1.2,8.3,15.5,110,108,1.7,2.1,3.8,.097,0.7,0.4,1.1,1.5,Forward,carrode01
Mario Hezonja,2016-17,21,ORL,NBA,8.3,65,2,960,7.2,.438,.152,2.2,14.8,9.6,1.5,1.2,14.2,18.8,87,111,-1.4,0.7,-0.7,-.033,-4.8,-1.0,-5.8,-0.9,Forward,hezonma01
Mirza Teletovic,2016-17,31,MIL,NBA,8.3,70,2,1133,8.8,.730,.108,1.1,15.4,6.4,0.5,1.0,7.8,19.1,99,113,-0.1,0.7,0.6,.025,-1.5,-3.4,-4.9,-0.8,Forward,teletmi01
Harrison Barnes,2016-17,24,DAL,NBA,8.2,79,79,2803,16.3,.173,.220,3.7,13.2,7.8,1.2,0.5,6.8,25.3,106,111,2.5,2.1,4.6,.079,-0.7,-1.2,-1.9,0.1,Forward,barneha02
Dorian Finney-Smith,2016-17,23,DAL,NBA,7.8,81,35,1642,7.7,.574,.183,3.7,12.3,6.0,1.6,1.4,11.1,11.6,99,110,-0.1,1.5,1.4,.041,-2.8,1.3,-1.5,0.2,Forward,finnedo01
Marcus Morris,2016-17,27,DET,NBA,7.8,79,79,2565,12.4,.355,.184,3.2,12.8,9.4,1.0,0.8,7.4,20.3,105,109,1.4,2.4,3.9,.072,-0.3,-0.2,-0.5,1.0,Forward,morrima03
Joe Ingles,2016-17,29,UTA,NBA,7.6,82,26,1972,12.4,.619,.151,1.4,13.5,17.1,2.6,0.3,18.2,13.9,112,105,2.0,3.0,5.0,.122,0.9,1.8,2.7,2.3,Forward,inglejo01
Brandon Ingram,2016-17,19,LAL,NBA,7.6,79,40,2279,8.5,.273,.312,2.8,12.8,10.5,1.1,1.3,12.9,16.8,96,115,-1.0,0.7,-0.3,-.007,-3.1,-0.7,-3.9,-1.1,Forward,ingrabr01
Jeff Green,2016-17,30,ORL,NBA,7.5,69,11,1534,10.5,.346,.301,2.7,12.6,8.0,1.2,0.7,10.6,20.3,99,113,-0.2,0.9,0.7,.022,-2.8,-1.8,-4.6,-1.0,Forward,greenje02
Stanley Johnson,2016-17,20,DET,NBA,7.5,77,1,1371,7.1,.422,.145,2.8,12.7,10.5,2.1,1.5,15.5,14.8,88,107,-1.4,1.8,0.4,.012,-3.8,1.8,-2.0,0.0,Forward,johnsst04
Luke Babbitt,2016-17,27,MIA,NBA,7.4,68,55,1065,8.4,.747,.053,1.3,13.5,4.8,1.0,0.8,8.0,13.0,110,109,0.8,1.0,1.8,.082,-1.0,-0.8,-1.8,0.1,Forward,babbilu01
Jerami Grant,2016-17,22,TOT,NBA,7.4,80,4,1531,10.2,.354,.448,2.7,12.2,4.2,1.1,4.1,10.1,12.1,111,108,1.1,1.8,2.9,.092,-3.0,0.9,-2.1,0.0,Forward,grantje01
Corey Brewer,2016-17,30,TOT,NBA,7.1,82,11,1281,9.1,.339,.195,2.7,11.5,10.7,2.3,1.2,12.7,14.3,101,110,0.0,1.2,1.2,.045,-2.9,0.2,-2.8,-0.2,Forward,breweco01
Boris Diaw,2016-17,34,UTA,NBA,7.1,73,33,1283,9.0,.248,.107,4.3,9.8,20.3,0.7,0.6,20.3,15.6,99,109,-0.1,1.2,1.1,.041,-2.7,-0.2,-2.9,-0.3,Forward,diawbo01
Davis Bertans,2016-17,24,SAS,NBA,6.9,67,6,808,12.9,.739,.145,3.2,10.6,8.3,1.3,2.8,11.4,15.7,115,105,1.1,1.2,2.3,.135,1.2,0.5,1.7,0.8,Forward,bertada01
Richard Jefferson,2016-17,36,CLE,NBA,6.9,79,13,1614,8.2,.542,.315,2.0,11.5,6.6,0.8,0.5,11.8,12.2,111,113,1.3,0.8,2.1,.063,-1.3,-1.0,-2.4,-0.1,Forward,jefferi01
Timothe Luwawu-Cabarrot,2016-17,21,PHI,NBA,6.9,69,19,1190,8.5,.446,.341,2.3,11.4,9.6,1.3,0.7,15.0,17.8,100,112,0.0,0.8,0.8,.034,-2.7,-1.2,-4.0,-0.6,Forward,luwawti01
Solomon Hill,2016-17,25,NOP,NBA,6.8,80,71,2374,8.0,.566,.268,2.3,11.4,8.1,1.5,1.1,13.3,11.5,103,109,0.4,2.3,2.7,.055,-1.8,1.5,-0.3,1.0,Forward,hillso01
Mindaugas Kuzminskas,2016-17,27,NYK,NBA,6.7,68,5,1016,12.5,.457,.185,5.0,8.4,10.3,1.4,0.9,11.2,19.1,107,114,0.8,0.4,1.2,.057,-0.1,-2.5,-2.6,-0.2,Forward,kuzmimi01
Doug McDermott,2016-17,25,TOT,NBA,6.4,66,5,1508,10.7,.416,.169,1.4,11.5,5.9,0.4,0.3,6.6,16.4,112,112,1.6,1.0,2.6,.083,-1.2,-2.3,-3.5,-0.6,Forward,mcderdo01
Andrew Wiggins,2016-17,21,MIN,NBA,6.3,82,82,3048,16.5,.184,.345,3.9,8.8,10.6,1.4,0.8,9.4,29.0,107,115,3.3,0.9,4.2,.066,0.2,-2.9,-2.8,-0.6,Forward,wiggian01
Terrence Ross,2016-17,25,TOT,NBA,5.9,78,24,1955,13.4,.524,.103,1.0,10.9,7.1,2.2,1.4,8.0,19.3,107,109,1.5,2.0,3.5,.086,0.3,-0.6,-0.3,0.8,Forward,rosste01
Luc Mbah a Moute,2016-17,30,LAC,NBA,5.5,80,76,1787,10.3,.291,.230,3.0,7.8,3.1,2.3,1.6,10.1,11.6,111,109,1.3,1.8,3.1,.084,-0.8,1.6,0.8,1.3,Forward,mbahalu01
Moses Malone,1982-83,27,PHI,NBA,21.6,78,78,2922,25.1,.001,.604,16.8,25.9,5.1,1.4,3.0,13.8,26.0,116,97,9.1,6.0,15.1,.248,2.9,0.5,3.4,4.0,Center,malonmo01
LaSalle Thompson,1982-83,21,KCK,NBA,20.5,71,3,987,14.7,.003,.477,14.6,26.5,4.2,1.8,3.5,21.7,17.3,101,99,0.5,1.7,2.3,.110,-2.2,1.1,-1.1,0.2,Center,thompla01
Artis Gilmore,1982-83,33,SAS,NBA,19.2,82,82,2797,21.2,.007,.559,12.1,25.8,6.1,0.7,3.7,18.7,19.4,119,103,7.5,3.5,11.0,.189,2.5,1.1,3.6,4.0,Center,gilmoar01
Robert Parish,1982-83,29,BOS,NBA,18.1,78,76,2459,23.0,.001,.345,11.4,24.6,8.4,1.5,3.3,12.5,23.6,114,98,6.2,4.6,10.8,.211,2.4,1.5,4.0,3.7,Center,parisro01
Bill Laimbeer,1982-83,25,DET,NBA,18.0,82,82,2871,16.6,.015,.353,10.0,26.3,12.1,0.8,2.2,14.8,16.0,113,103,4.9,3.6,8.5,.142,0.6,1.7,2.3,3.1,Center,laimbbi01
Jack Sikma,1982-83,27,SEA,NBA,17.8,75,71,2564,19.6,.008,.458,9.3,25.7,12.6,1.6,1.3,13.2,22.5,111,99,5.2,4.6,9.8,.183,1.3,1.9,3.2,3.4,Center,sikmaja01
Marvin Webster,1982-83,30,NYK,NBA,17.7,82,0,1472,14.0,.003,.544,13.9,21.5,4.7,1.2,5.5,19.9,14.8,102,96,0.8,3.2,4.0,.130,-2.1,3.8,1.7,1.4,Center,webstma01
Mike Gminski,1982-83,23,NJN,NBA,17.2,80,1,1255,18.4,.002,.528,14.0,20.3,6.7,1.3,5.4,19.4,20.4,107,96,1.7,2.6,4.3,.166,-1.0,2.3,1.3,1.0,Center,gminsmi01
Jeff Ruland,1982-83,24,WSB,NBA,16.8,79,47,2862,19.4,.003,.518,11.2,22.6,12.9,1.2,1.5,18.7,23.0,107,98,4.6,5.5,10.1,.169,1.9,2.4,4.3,4.6,Center,rulanje01
Alton Lister,1982-83,24,MIL,NBA,16.6,80,37,1885,13.8,.000,.471,10.3,22.3,8.0,1.3,5.2,23.1,17.7,95,96,-0.2,3.9,3.8,.096,-2.4,3.6,1.2,1.5,Center,listeal01
Wayne Cooper,1982-83,26,POR,NBA,16.3,80,60,2099,12.4,.007,.272,11.4,21.3,7.6,0.6,3.6,16.7,18.8,97,102,0.1,2.8,2.9,.067,-2.4,1.2,-1.2,0.4,Center,coopewa01
Tree Rollins,1982-83,27,ATL,NBA,16.0,80,80,2472,15.4,.002,.264,9.1,22.8,4.1,1.0,7.8,14.3,11.2,109,97,2.3,5.0,7.3,.142,-1.8,5.4,3.6,3.5,Center,rollitr01
Dave Corzine,1982-83,26,CHI,NBA,15.4,82,71,2496,15.1,.002,.350,10.4,20.3,8.7,0.9,2.3,17.7,20.0,103,107,1.9,2.0,4.0,.076,-0.7,0.2,-0.6,0.9,Center,corzida01
Mark Eaton,1982-83,26,UTA,NBA,15.4,81,32,1528,11.0,.003,.255,5.9,24.4,9.2,0.7,9.2,26.3,13.6,81,98,-2.1,2.9,0.8,.026,-6.4,5.5,-0.8,0.5,Center,eatonma01
Rich Kelley,1982-83,29,TOT,NBA,15.3,70,23,1345,12.2,.000,.597,10.0,20.3,12.2,1.8,1.5,24.2,13.8,103,104,0.9,1.5,2.4,.086,-1.5,1.5,0.0,0.7,Center,kelleri01
James Donaldson,1982-83,25,SEA,NBA,14.9,82,11,1789,15.6,.000,.440,8.2,21.1,7.3,0.5,3.0,18.2,16.2,110,101,2.5,2.6,5.1,.138,-0.7,1.4,0.6,1.2,Center,donalja01
Caldwell Jones,1982-83,32,HOU,NBA,14.7,82,82,2440,12.3,.003,.304,9.2,20.9,7.9,0.9,3.0,18.2,15.4,98,106,0.4,2.1,2.5,.050,-2.5,1.5,-1.0,0.6,Center,jonesca01
Clemon Johnson,1982-83,26,TOT,NBA,14.6,83,11,1914,15.3,.002,.310,10.5,18.9,9.5,1.6,2.7,15.8,16.1,107,104,2.1,2.2,4.3,.109,-0.2,1.3,1.1,1.5,Center,johnscl01
Harvey Catchings,1982-83,31,MIL,NBA,14.4,74,33,1554,9.8,.000,.467,9.8,18.6,6.0,0.8,5.3,25.9,8.5,99,98,0.3,2.8,3.1,.096,-2.9,4.3,1.5,1.4,Center,catchha01
Kurt Nimphius,1982-83,24,DAL,NBA,14.4,81,12,1515,12.5,.003,.394,11.0,17.9,9.3,0.7,4.0,13.7,12.6,111,107,1.8,1.1,2.9,.093,-0.4,1.5,1.0,1.2,Center,nimphku01
Rick Mahorn,1982-83,24,WSB,NBA,14.3,82,82,3023,11.6,.004,.331,6.2,22.5,5.4,1.4,2.8,16.2,14.4,97,96,0.0,6.2,6.2,.099,-3.0,3.8,0.8,2.1,Center,mahorri01
Danny Schayes,1982-83,23,TOT,NBA,14.1,82,50,2284,12.1,.001,.394,9.1,19.0,11.7,1.0,2.2,22.4,19.1,95,105,-0.4,2.3,2.0,.041,-2.2,0.9,-1.4,0.4,Center,schayda01
Bill Cartwright,1982-83,25,NYK,NBA,14.0,82,82,2468,19.0,.000,.636,8.7,19.5,8.6,0.8,3.2,16.5,21.3,114,99,5.7,4.4,10.1,.197,1.6,2.1,3.7,3.6,Center,cartwbi01
Mychal Thompson,1982-83,28,POR,NBA,14.0,80,80,3017,15.4,.001,.388,6.8,21.3,17.8,1.1,2.1,18.9,20.1,100,103,1.5,3.9,5.4,.086,-0.3,2.3,2.0,3.1,Center,thompmy01
Steve Johnson,1982-83,25,KCK,NBA,13.9,79,21,1544,18.1,.000,.545,9.8,18.1,8.8,1.2,3.0,19.6,22.8,108,103,2.5,1.9,4.4,.137,1.0,0.3,1.3,1.3,Center,johnsst03
Len Elmore,1982-83,30,NJN,NBA,13.8,74,0,975,8.2,.004,.344,9.5,18.0,5.1,2.1,2.3,22.8,14.7,85,97,-1.0,1.9,0.9,.045,-5.0,2.1,-2.9,-0.2,Center,elmorle01
Rickey Brown,1982-83,24,TOT,NBA,13.7,76,7,1048,10.1,.009,.301,9.2,18.4,3.3,0.6,1.4,17.2,18.2,96,107,-0.1,0.8,0.7,.034,-3.8,-2.1,-5.9,-1.0,Center,brownri01
Steve Hawes,1982-83,32,TOT,NBA,13.6,77,4,1416,8.6,.054,.241,6.2,20.7,8.9,1.3,0.5,19.9,15.6,89,102,-1.0,2.0,1.0,.035,-4.0,0.9,-3.1,-0.4,Center,hawesst01
Joe Meriweather,1982-83,29,KCK,NBA,13.4,78,74,1706,12.8,.000,.360,9.5,17.4,4.8,1.2,2.8,18.4,14.5,108,103,1.8,2.1,3.8,.108,-0.8,1.1,0.3,1.0,Center,meriwjo01
Jeff Wilkins,1982-83,27,UTA,NBA,13.2,81,34,2307,11.6,.004,.245,7.0,19.0,7.9,0.8,0.9,17.1,18.5,97,105,0.1,2.3,2.4,.049,-2.6,-0.4,-3.1,-0.6,Center,wilkije01
Paul Mokeski,1982-83,26,TOT,NBA,12.9,73,19,1128,8.3,.004,.262,7.6,18.1,5.8,0.9,2.2,18.8,13.2,96,103,0.0,1.4,1.4,.060,-3.6,1.1,-2.5,-0.1,Center,mokespa01
Kareem Abdul-Jabbar,1982-83,35,LAL,NBA,12.8,79,79,2554,23.6,.002,.302,7.6,17.6,10.8,1.1,3.5,12.6,24.6,118,104,8.0,2.9,10.9,.205,3.6,0.3,3.8,3.8,Center,abdulka01
Joe Barry Carroll,1982-83,24,GSW,NBA,12.5,79,79,2988,20.1,.002,.307,7.7,17.5,8.6,1.7,2.9,14.1,26.5,105,106,4.3,2.8,7.0,.113,1.2,0.1,1.3,2.5,Center,carrojo01
Herb Williams,1982-83,24,IND,NBA,12.5,78,74,2513,17.4,.006,.189,6.2,19.5,14.8,1.0,3.8,15.4,23.3,101,107,1.7,1.8,3.5,.067,-0.4,0.7,0.3,1.5,Center,willihe01
Alvan Adams,1982-83,28,PHO,NBA,12.4,80,75,2447,16.8,.003,.221,7.6,16.7,21.8,2.2,1.7,18.4,22.0,102,98,2.0,4.5,6.5,.128,0.6,2.7,3.2,3.2,Center,adamsal01
Dan Issel,1982-83,34,DEN,NBA,12.4,80,80,2431,21.6,.015,.370,6.3,18.6,12.6,1.5,0.9,10.4,25.5,115,108,6.8,1.5,8.4,.165,2.9,-1.5,1.4,2.1,Center,isselda01
Darryl Dawkins,1982-83,26,NJN,NBA,11.3,81,81,2093,13.2,.000,.384,6.9,15.6,7.8,1.5,4.2,26.4,20.0,96,98,0.0,4.0,4.0,.092,-2.0,2.7,0.7,1.5,Center,dawkida01
Dikembe Mutombo,1994-95,28,DEN,NBA,19.9,82,82,3100,17.0,.000,.604,12.7,26.7,5.5,0.7,7.5,19.5,14.4,112,103,3.5,5.2,8.7,.135,-0.9,4.4,3.5,4.3,Center,mutomdi01
Will Perdue,1994-95,29,CHI,NBA,19.4,78,78,1592,16.3,.002,.423,15.7,23.0,8.8,0.9,2.7,17.6,18.5,111,103,2.0,2.7,4.7,.142,-0.8,1.1,0.4,0.9,Center,perduwi01
Chris Dudley,1994-95,29,POR,NBA,19.2,82,82,2245,10.9,.002,.410,15.6,23.2,2.1,1.0,4.2,13.3,11.4,102,103,0.4,3.7,4.1,.087,-3.4,2.2,-1.2,0.5,Center,dudlech02
Shaquille O'Neal,1994-95,22,ORL,NBA,17.6,79,79,2923,28.6,.003,.536,13.3,21.7,13.3,1.3,4.5,9.4,31.9,118,104,9.6,4.4,14.0,.230,4.5,0.9,5.4,5.4,Center,onealsh01
Patrick Ewing,1994-95,32,NYK,NBA,17.4,79,79,2920,21.9,.014,.386,6.6,27.5,14.4,1.2,4.1,13.1,30.7,106,98,3.1,6.5,9.6,.157,-0.7,2.9,2.2,3.1,Center,ewingpa01
Olden Polynice,1994-95,30,SAC,NBA,16.7,81,81,2534,14.7,.001,.281,13.0,20.2,4.0,1.0,1.5,12.7,15.6,114,106,3.3,3.4,6.7,.126,-0.6,0.6,0.0,1.3,Center,polynol01
Vlade Divac,1994-95,26,LAL,NBA,16.3,80,80,2807,20.5,.055,.399,10.3,22.4,18.0,2.0,4.3,15.4,20.4,114,104,5.3,4.2,9.5,.162,1.7,3.6,5.3,5.1,Center,divacvl01
Gheorghe Muresan,1994-95,23,WSB,NBA,16.3,73,58,1720,17.4,.000,.323,11.6,21.4,3.5,1.4,5.2,15.7,18.6,110,107,2.1,2.1,4.1,.116,-1.7,1.0,-0.7,0.5,Center,muresgh01
Shawn Bradley,1994-95,22,PHI,NBA,16.2,82,59,2365,14.8,.004,.335,11.9,20.7,3.7,1.2,8.5,15.2,17.7,99,104,-0.1,3.6,3.5,.071,-3.6,3.4,-0.2,1.1,Center,bradlsh01
David Robinson,1994-95,29,SAS,NBA,16.2,81,81,3074,29.1,.013,.570,9.1,22.6,13.7,2.2,5.9,11.1,29.9,120,99,10.7,6.7,17.5,.273,4.1,4.3,8.4,8.1,Center,robinda01
Hakeem Olajuwon,1994-95,32,HOU,NBA,15.6,72,72,2853,26.0,.010,.348,7.3,23.1,17.2,2.4,5.9,11.7,31.7,110,100,5.1,5.6,10.7,.181,1.3,4.0,5.3,5.3,Center,olajuha01
Joe Kleine,1994-95,33,PHO,NBA,15.4,75,42,968,9.8,.008,.185,9.7,21.1,5.6,0.7,1.4,10.9,14.4,107,110,0.6,0.8,1.4,.068,-3.3,-0.8,-4.1,-0.5,Center,kleinjo01
Alonzo Mourning,1994-95,24,CHH,NBA,15.3,77,77,2941,20.1,.031,.585,8.4,21.6,6.6,0.9,5.5,14.8,25.6,110,102,4.3,5.1,9.4,.153,-0.8,2.1,1.3,2.5,Center,mournal01
Robert Parish,1994-95,41,CHH,NBA,15.3,81,4,1352,10.1,.000,.272,8.5,21.5,5.0,1.1,1.9,13.7,16.5,95,104,-0.6,2.0,1.4,.051,-5.2,0.5,-4.7,-0.9,Center,parisro01
Rik Smits,1994-95,28,IND,NBA,15.3,78,78,2381,19.5,.002,.356,9.9,20.4,9.0,0.9,2.6,13.4,27.2,110,105,3.7,3.5,7.2,.146,0.2,0.2,0.4,1.5,Center,smitsri01
Matt Geiger,1994-95,25,MIA,NBA,14.1,74,43,1712,12.9,.021,.295,9.8,18.7,5.0,1.2,2.3,17.1,17.1,106,109,1.1,1.7,2.7,.077,-2.0,0.1,-1.8,0.1,Center,geigema01
Eric Montross,1994-95,23,BOS,NBA,14.1,78,75,2315,12.1,.002,.457,9.6,18.7,2.3,0.6,1.8,14.0,15.0,111,111,2.3,1.8,4.1,.084,-1.6,-0.6,-2.2,-0.1,Center,montrer01
Sean Rooks,1994-95,25,MIN,NBA,12.4,80,70,2405,12.6,.008,.620,8.5,16.2,6.9,0.6,2.2,15.4,17.6,107,113,1.9,1.1,3.0,.060,-2.2,-0.5,-2.7,-0.4,Center,rooksse01
Elden Campbell,1994-95,26,LAL,NBA,11.9,73,59,2076,15.4,.001,.369,8.9,14.8,6.8,1.7,4.4,9.7,21.0,105,108,1.5,2.3,3.8,.087,-2.1,1.0,-1.1,0.5,Center,campbel01
Bill Wennington,1994-95,31,CHI,NBA,11.7,73,1,956,11.6,.013,.199,7.9,15.5,6.5,1.2,1.3,10.2,17.9,110,105,1.0,1.3,2.3,.116,-2.7,-0.7,-3.3,-0.3,Center,wennibi01
Andrew Lang,1994-95,28,ATL,NBA,11.3,82,63,2340,13.1,.004,.278,7.5,15.4,5.0,1.0,4.6,12.4,16.8,106,105,1.4,3.4,4.9,.100,-3.2,2.1,-1.1,0.5,Center,langan01
Andre Drummond,2016-17,23,DET,NBA,25.3,81,81,2409,20.9,.008,.390,15.1,36.3,5.9,2.6,3.1,12.5,22.4,104,99,1.4,5.3,6.7,.133,-2.1,2.9,0.8,1.7,Center,drumman01
DeAndre Jordan,2016-17,28,LAC,NBA,24.2,81,81,2570,21.8,.003,.737,13.3,34.6,5.7,1.0,4.3,13.2,15.3,129,102,7.2,4.6,11.8,.220,1.0,3.0,4.0,3.9,Center,jordade01
Hassan Whiteside,2016-17,27,MIA,NBA,24.0,77,77,2513,22.6,.000,.368,12.8,35.3,3.8,1.1,5.0,12.0,22.7,113,100,4.2,5.2,9.4,.180,-2.0,1.5,-0.5,0.9,Center,whiteha01
Dwight Howard,2016-17,31,ATL,NBA,23.5,74,74,2199,20.8,.003,.692,15.0,31.7,7.8,1.4,3.6,17.5,19.2,115,100,3.8,4.5,8.3,.181,-0.5,2.8,2.3,2.4,Center,howardw01
Rudy Gobert,2016-17,24,UTA,NBA,21.8,81,81,2744,23.3,.002,.764,13.6,29.5,5.7,0.9,6.4,15.1,16.7,129,99,8.3,6.0,14.3,.250,1.4,4.5,5.9,5.5,Center,goberru01
Dewayne Dedmon,2016-17,27,SAS,NBA,21.1,76,37,1330,16.0,.000,.359,11.2,30.5,4.8,1.4,3.7,16.9,12.3,122,99,2.2,3.0,5.2,.188,-1.5,3.2,1.7,1.2,Center,dedmode01
Jonas Valanciunas,2016-17,24,TOR,NBA,20.8,80,80,2066,20.1,.003,.309,12.4,29.1,4.4,0.9,2.6,11.7,19.5,120,105,4.9,3.0,7.9,.183,-0.5,-0.1,-0.6,0.7,Center,valanjo01
Willy Hernangomez,2016-17,22,NYK,NBA,20.4,72,22,1324,19.0,.032,.269,13.7,27.2,11.6,1.5,2.2,16.2,20.3,111,107,1.8,1.6,3.4,.124,-0.6,0.6,0.0,0.7,Center,hernawi01
Salah Mejri,2016-17,30,DAL,NBA,19.8,73,11,905,14.8,.022,.445,11.9,28.4,2.4,1.8,6.1,19.6,10.6,121,102,1.3,1.7,3.0,.159,-3.6,3.7,0.2,0.5,Center,mejrisa01
Nikola Vucevic,2016-17,26,ORL,NBA,19.6,75,55,2163,19.1,.073,.155,8.6,31.2,16.9,1.8,2.8,9.6,24.8,103,105,0.8,3.2,4.0,.088,-1.3,2.4,1.1,1.7,Center,vucevni01
Nikola Jokic,2016-17,21,DEN,NBA,19.4,73,59,2038,26.2,.162,.266,11.6,27.0,28.7,1.4,2.1,15.2,23.5,126,109,7.7,1.9,9.6,.227,6.1,2.1,8.1,5.2,Center,jokicni01
Karl-Anthony Towns,2016-17,21,MIN,NBA,19.4,82,82,3030,26.0,.186,.289,11.2,27.8,13.2,1.0,2.9,11.3,27.5,121,110,9.9,2.8,12.7,.201,4.8,0.3,5.0,5.4,Center,townska01
Marcin Gortat,2016-17,32,WAS,NBA,18.7,82,82,2556,15.5,.003,.236,10.6,26.8,6.8,0.8,2.1,13.7,14.7,117,108,4.0,2.9,6.8,.128,-0.8,1.2,0.4,1.5,Center,gortama01
Jusuf Nurkic,2016-17,22,TOT,NBA,18.6,65,48,1391,17.4,.002,.393,12.4,24.8,13.7,1.8,4.1,18.7,23.9,101,107,0.2,1.8,1.9,.067,-2.4,2.1,-0.3,0.6,Center,nurkiju01
DeMarcus Cousins,2016-17,26,TOT,NBA,18.2,72,72,2465,25.7,.254,.468,7.1,29.2,25.8,2.0,3.3,13.5,36.5,107,105,3.8,3.8,7.6,.149,3.9,2.6,6.6,5.3,Center,couside01
JaVale McGee,2016-17,29,GSW,NBA,18.1,77,10,739,25.2,.013,.348,15.8,20.1,3.8,1.2,7.1,9.8,23.8,120,100,2.0,1.5,3.5,.225,0.2,0.6,0.8,0.5,Center,mcgeeja01
Alex Len,2016-17,23,PHO,NBA,17.8,77,34,1560,15.0,.026,.449,10.6,25.3,4.2,1.1,5.1,15.5,17.6,108,108,1.2,1.7,3.0,.091,-3.0,1.2,-1.8,0.1,Center,lenal01
Zaza Pachulia,2016-17,32,GSW,NBA,17.7,70,70,1268,16.1,.007,.410,12.9,22.0,13.6,2.2,2.0,19.5,15.3,117,101,2.2,2.5,4.7,.177,-0.3,3.0,2.7,1.5,Center,pachuza01
Cole Aldrich,2016-17,28,MIN,NBA,17.4,62,0,531,12.7,.000,.256,11.0,23.9,6.4,2.4,3.7,15.1,9.4,118,107,0.6,0.7,1.3,.116,-2.0,2.6,0.6,0.4,Center,aldrico01
Enes Kanter,2016-17,24,OKC,NBA,17.4,72,0,1533,23.7,.052,.387,14.1,20.8,7.9,1.0,2.0,12.5,27.3,116,107,4.0,1.8,5.8,.183,0.6,-1.9,-1.2,0.3,Center,kanteen01
Bismack Biyombo,2016-17,24,ORL,NBA,17.2,81,27,1793,12.2,.000,.688,9.3,25.6,6.0,0.7,4.1,17.7,13.2,105,108,0.8,2.1,2.9,.076,-4.2,2.0,-2.2,-0.1,Center,biyombi01
Tarik Black,2016-17,25,LAL,NBA,17.1,67,16,1091,15.1,.007,.372,13.8,20.7,5.3,1.3,3.3,14.5,15.6,114,111,1.5,0.9,2.4,.106,-1.8,0.2,-1.6,0.1,Center,blackta01
Greg Monroe,2016-17,26,MIL,NBA,17.0,81,0,1823,21.1,.006,.329,10.7,23.1,17.3,2.6,1.8,14.4,24.3,111,105,2.9,2.6,5.5,.146,0.5,1.5,2.0,1.8,Center,monrogr01
Al Jefferson,2016-17,32,IND,NBA,16.8,66,1,931,18.9,.002,.180,9.2,24.2,11.0,1.0,1.5,6.1,26.1,109,108,1.2,1.1,2.3,.119,-1.5,-1.5,-3.1,-0.3,Center,jeffeal01
Kosta Koufos,2016-17,27,SAC,NBA,16.4,71,62,1419,13.8,.003,.158,9.7,22.9,5.3,1.3,3.1,12.7,15.3,109,109,1.2,1.4,2.6,.089,-2.6,0.7,-1.9,0.0,Center,koufoko01
Marreese Speights,2016-17,29,LAC,NBA,16.2,82,2,1286,17.6,.505,.250,7.9,24.1,8.1,0.9,2.6,10.2,23.6,114,106,2.5,1.7,4.2,.156,1.5,-0.8,0.7,0.9,Center,speigma01
Aron Baynes,2016-17,30,DET,NBA,15.6,75,2,1163,13.1,.000,.337,10.0,21.6,3.9,0.7,2.8,13.5,14.1,114,106,1.4,1.5,3.0,.123,-2.9,1.1,-1.8,0.1,Center,baynear01
Mason Plumlee,2016-17,26,TOT,NBA,15.6,81,64,2148,18.1,.010,.482,8.8,22.5,19.8,1.6,3.4,15.2,18.1,114,108,3.6,2.5,6.0,.134,0.0,2.6,2.6,2.5,Center,plumlma01
John Henson,2016-17,26,MIL,NBA,15.3,58,39,1123,15.2,.003,.345,9.7,20.8,7.7,1.3,6.1,12.9,16.7,110,106,1.1,1.6,2.7,.114,-2.6,2.4,-0.1,0.5,Center,hensojo01
Steven Adams,2016-17,23,OKC,NBA,14.2,80,80,2389,16.4,.003,.392,13.0,15.4,5.4,1.8,2.6,16.0,16.3,114,107,3.3,3.1,6.4,.129,-0.7,1.2,0.5,1.5,Center,adamsst01
Gorgui Dieng,2016-17,27,MIN,NBA,14.2,82,82,2653,14.2,.065,.253,8.1,20.5,8.6,1.7,3.1,12.7,14.0,114,110,3.2,2.5,5.7,.103,-0.5,2.2,1.7,2.5,Center,dienggo01
Joffrey Lauvergne,2016-17,25,TOT,NBA,14.1,70,1,980,12.6,.292,.217,8.0,20.1,10.8,1.3,0.5,13.2,18.5,104,108,0.4,1.1,1.5,.075,-2.3,-0.9,-3.2,-0.3,Center,lauvejo01
Kelly Olynyk,2016-17,25,BOS,NBA,13.0,75,6,1538,15.2,.378,.242,5.3,20.7,15.2,1.4,1.5,14.6,19.0,113,107,2.2,1.9,4.1,.127,0.1,0.5,0.7,1.0,Center,olynyke01
Robin Lopez,2016-17,28,CHI,NBA,12.3,81,81,2271,14.4,.003,.134,11.5,13.2,5.6,0.4,4.1,9.9,17.5,108,108,1.9,2.4,4.3,.091,-1.9,1.0,-0.9,0.6,Center,lopezro01
Justin Hamilton,2016-17,26,BRK,NBA,11.8,64,7,1177,13.6,.478,.137,6.5,17.0,7.3,1.2,2.8,9.7,16.2,109,110,1.0,1.0,2.1,.084,-0.9,0.2,-0.8,0.4,Center,hamilju01
Al Horford,2016-17,30,BOS,NBA,11.8,68,68,2193,17.7,.302,.169,4.9,18.6,24.4,1.2,3.3,11.8,19.7,114,107,3.6,2.7,6.3,.138,1.0,2.1,3.1,2.9,Center,horfoal01
Channing Frye,2016-17,33,CLE,NBA,11.5,74,15,1398,15.6,.644,.142,3.0,19.4,4.9,1.2,2.1,8.8,19.3,115,109,2.3,1.4,3.7,.126,0.8,-1.4,-0.6,0.5,Center,fryech01
Meyers Leonard,2016-17,24,POR,NBA,10.7,74,12,1222,8.9,.563,.106,2.4,19.0,8.4,0.5,1.8,8.1,15.5,105,112,0.5,0.8,1.4,.053,-2.1,-1.3,-3.4,-0.4,Center,leoname01
Marc Gasol,2016-17,32,MEM,NBA,10.4,74,74,2531,20.3,.231,.286,2.6,18.7,24.8,1.4,3.8,11.3,26.4,111,106,4.2,3.5,7.7,.145,2.0,2.2,4.3,4.0,Center,gasolma01
Brook Lopez,2016-17,28,BRK,NBA,9.6,75,75,2222,20.4,.330,.311,5.8,13.3,14.8,0.8,4.2,12.1,29.2,108,111,3.1,1.8,4.9,.105,1.9,-0.4,1.5,2.0,Center,lopezbr01
